Date, AQI Value,PBLH (m),CO (ppm),O3 (ppm),PM 2.5 (ug/m3),PM 10 (ug/m3),SO2 (ppb),NO2 (ppb)
05/01/2011,36,873.62213,8,31,36,0,0,27
05/02/2011,49,1448.4901,9,43,49,0,0,34
05/03/2011,56,1816.5363,9,43,56,26,0,20
05/04/2011,37,1910.5156,7,37,20,0,0,16
05/05/2011,48,2778.1216,8,48,27,0,0,46
05/06/2011,51,2228.2122,10,51,40,0,0,38
05/07/2011,50,2275.2979,8,50,40,0,0,19
05/08/2011,54,1975.6965,11,54,52,0,0,35
05/09/2011,48,2155.5918,13,48,48,24,0,39
05/10/2011,49,1483.6244,10,49,27,0,0,41
05/11/2011,74,1728.1245,8,74,34,0,0,24
05/12/2011,58,1295.9055,9,58,47,0,0,24
05/13/2011,59,796.63385,9,34,59,0,0,20
05/14/2011,40,582.4203,8,31,40,0,0,15
05/15/2011,45,1068.6366,8,44,45,13,0,17
05/16/2011,48,1584.0355,10,44,48,0,0,37
05/17/2011,43,1224.437,10,43,33,0,0,18
05/18/2011,37,1237.3484,9,37,35,0,0,26
05/19/2011,42,1421.2754,10,39,42,0,0,32
05/20/2011,59,1430.395,9,42,59,0,0,33
05/21/2011,51,2005.599,9,51,49,19,0,40
05/22/2011,59,1395.0208,11,50,59,0,0,38
05/23/2011,69,1396.2687,9,42,69,0,0,20
05/24/2011,60,2058.8765,9,44,60,0,0,34
05/25/2011,93,1641.4888,9,93,57,0,0,22
05/26/2011,80,1927.6028,10,58,80,0,0,20
05/27/2011,57,1526.4384,9,49,57,25,0,25
05/28/2011,42,1585.5234,8,42,38,0,0,10
05/29/2011,67,1197.5583,9,33,67,0,0,11
05/30/2011,100,1923.187,10,100,76,0,0,35
05/31/2011,150,2069.9639,11,150,93,0,0,35
06/01/2011,90,1932.0667,10,74,90,0,0,25
06/02/2011,97,1978.5764,9,97,33,30,0,19
06/03/2011,51,1801.8489,9,51,23,0,0,39
06/04/2011,108,1481.5605,13,108,90,0,0,37
06/05/2011,93,1450.362,9,93,61,0,0,19
06/06/2011,93,2349.9343,9,93,56,0,0,29
06/07/2011,93,2007.3269,10,93,64,0,0,27
06/08/2011,143,2201.8613,11,143,88,42,0,36
06/09/2011,122,2646.416,13,122,89,0,0,25
06/10/2011,166,2096.9385,13,166,79,0,0,28
06/11/2011,101,1745.7396,13,101,72,0,0,20
06/12/2011,77,2065.548,10,77,64,0,0,22
06/13/2011,42,2172.9668,10,42,37,0,0,12
06/14/2011,67,1836.6472,9,36,67,16,0,15
06/15/2011,54,2246.0674,9,54,43,0,0,32
06/16/2011,55,1644.9926,11,44,55,0,0,30
06/17/2011,64,2178.8706,11,64,48,0,0,26
06/18/2011,80,1761.8188,11,80,56,0,0,23
06/19/2011,97,1526.1504,11,97,66,0,0,24
06/20/2011,67,1545.8293,11,67,58,19,0,16
06/21/2011,58,1061.8689,13,58,56,0,0,24
06/22/2011,53,1695.6301,14,46,53,0,0,25
06/23/2011,46,1322.0164,11,38,46,0,0,20
06/24/2011,51,1986.7839,10,51,31,0,0,17
06/25/2011,47,1468.5531,9,44,47,0,0,9
06/26/2011,45,1832.7594,10,44,45,19,0,19
06/27/2011,63,915.3321,10,54,63,0,0,34
06/28/2011,80,1655.8401,8,80,56,0,0,39
06/29/2011,77,2155.2559,5,77,46,0,0,18
06/30/2011,74,2214.4849,5,74,40,0,0,32
07/01/2011,119,2706.6528,8,119,54,0,0,42
07/02/2011,151,2524.4058,10,151,63,0,0,45
07/03/2011,100,2340.1907,6,100,68,0,0,25
07/04/2011,97,1680.1268,6,74,97,52,0,25
07/05/2011,108,1974.1605,6,108,64,0,0,25
07/06/2011,69,1204.662,7,48,69,0,0,37
07/07/2011,154,2331.599,7,154,70,0,0,21
07/08/2011,62,1227.7489,7,44,62,23,0,20
07/09/2011,67,2207.1892,6,67,55,0,0,21
07/10/2011,100,2067.756,7,100,67,0,0,25
07/11/2011,64,1799.353,7,64,64,0,0,21
07/12/2011,87,2278.3696,6,87,54,26,0,17
07/13/2011,74,2278.7058,8,74,67,0,0,35
07/14/2011,64,2349.9343,7,64,26,18,0,31
07/15/2011,44,1693.7102,6,44,26,9,0,17
07/16/2011,44,1937.4424,6,44,26,9,0,20
07/17/2011,45,1858.6301,6,45,39,9,0,10
07/18/2011,108,1954.8655,7,108,82,9,0,20
07/19/2011,77,1756.0112,7,77,72,9,0,32
07/20/2011,136,1904.468,8,136,89,38,0,23
07/21/2011,94,1959.6173,8,87,94,0,0,26
07/22/2011,143,2467.9126,8,143,85,0,0,45
07/23/2011,112,2499.783,9,112,75,0,0,13
07/24/2011,77,1680.5588,7,71,77,0,0,10
07/25/2011,62,1180.2792,8,54,62,0,0,21
07/26/2011,100,2945.9692,7,100,52,24,0,30
07/27/2011,50,2377.2449,6,50,42,0,0,34
07/28/2011,136,1886.5648,8,136,67,0,0,43
07/29/2011,100,2736.7954,8,100,81,0,0,22
07/30/2011,77,2506.6946,6,77,51,0,0,22
07/31/2011,84,2796.9844,7,84,52,0,0,35
08/01/2011,119,3155.767,7,119,58,27,0,21
08/02/2011,77,2619.1052,7,77,58,0,0,20
08/03/2011,91,1464.5214,9,39,91,0,0,28
08/04/2011,72,1296.8175,8,51,72,0,0,22
08/05/2011,54,1378.5575,7,45,54,14,0,26
08/06/2011,60,1512.519,6,42,60,14,0,14
08/07/2011,68,1805.1128,7,50,68,9,0,23
08/08/2011,74,1859.3501,9,74,69,9,0,38
08/09/2011,76,2136.2007,10,64,76,17,0,37
08/10/2011,59,2611.1377,9,58,59,16,0,25
08/11/2011,62,2555.7483,8,58,62,14,0,40
08/12/2011,84,2459.8489,8,84,60,13,0,38
08/13/2011,80,1495.1919,9,40,80,14,0,45
08/14/2011,43,1287.266,8,38,43,13,0,13
08/15/2011,40,1159.1122,19,40,29,7,0,27
08/16/2011,47,1826.9517,20,37,47,6,0,31
08/17/2011,51,2147.912,9,51,48,7,0,26
08/18/2011,55,2396.492,6,54,55,7,0,31
08/19/2011,84,1313.2808,7,84,57,17,0,25
08/20/2011,90,1590.6112,7,90,51,16,0,26
08/21/2011,58,1335.5037,5,43,58,9,0,11
08/22/2011,40,2502.0388,5,40,33,9,0,26
08/23/2011,51,2363.6616,7,51,49,11,0,29
08/24/2011,51,1908.5957,8,51,61,11,0,28
08/25/2011,61,663.6323,11,34,60,11,0,23
08/26/2011,60,1198.5183,15,49,54,11,0,25
08/27/2011,54,1160.9362,9,29,52,6,0,12
08/28/2011,52,2006.8469,9,40,53,6,0,26
08/29/2011,53,1086.2998,11,35,56,11,0,30
08/30/2011,56,1596.083,22,47,63,11,0,32
08/31/2011,97,1624.8816,14,97,60,21,0,44
05/01/2012,45,2108.087,11,45,58,0,0,36
05/02/2012,58,1080.3911,14,33,55,0,0,34
05/03/2012,55,1086.9895,9,34,51,0,2.1,22
05/04/2012,51,1076.7021,10,36,53,0,0,38
05/05/2012,58,1654.872,14,58,23,0,0,31
05/06/2012,42,981.41425,8,42,23,0,0,10
05/07/2012,44,1328.6383,8,44,32,0,0,16
05/08/2012,43,1117.5918,8,43,51,0,0,25
05/09/2012,71,962.8139,8,71,29,0,1.8,29
05/10/2012,71,2367.2969,8,71,28,0,0,36
05/11/2012,49,2993.3706,10,49,55,0,0,32
05/12/2012,87,1954.0364,10,87,54,0,0,35
05/13/2012,64,1912.7311,9,64,31,0,0,30
05/14/2012,40,786.73395,9,40,23,0,0,25
05/15/2012,41,1304.2188,9,41,53,0,1.7,25
05/16/2012,87,2306.8716,9,87,39,0,0,25
05/17/2012,50,1365.2156,8,50,31,0,0,35
05/18/2012,74,1593.4596,11,74,28,0,0,42
05/19/2012,105,1886.0775,9,105,28,0,2.3,36
05/20/2012,58,1665.9386,10,58,22,0,1.9,32
05/21/2012,27,1155.6758,8,27,28,0,0,23
05/22/2012,38,1134.6334,9,38,53,0,3.2,25
05/23/2012,53,1014.4065,10,41,56,0,0,33
05/24/2012,67,1533.1903,10,67,41,0,0,22
05/25/2012,48,1300.5819,8,48,43,0,3.3,25
05/26/2012,47,1386.8293,7,47,38,0,3.2,14
05/27/2012,38,1586.3936,7,36,41,0,3.2,12
05/28/2012,44,2044.96,7,44,49,0,3.2,14
05/29/2012,49,1841.8108,7,39,44,0,3.3,14
05/30/2012,97,1541.7112,9,97,45,0,3.2,38
05/31/2012,105,2373.5317,9,105,59,0,2.7,42
06/01/2012,59,1492.7163,9,45,60,0,0,27
06/02/2012,60,2448.4006,8,46,48,0,0,33
06/03/2012,54,2561.8733,9,54,33,0,0.8,29
06/04/2012,33,2180.7217,8,33,34,0,0.9,21
06/05/2012,36,1857.6575,10,36,34,0,1.9,31
06/06/2012,44,2119.1016,11,44,40,0,0,28
06/07/2012,48,2417.3308,9,48,56,0,2.7,24
06/08/2012,56,2760.71,11,50,55,0,3.2,39
06/09/2012,90,2815.8877,8,90,72,0,0,20
06/10/2012,154,2637.6775,9,154,71,0,2.2,22
06/11/2012,71,2262.8127,8,61,56,0,2.1,26
06/12/2012,56,1028.6426,10,31,40,0,1.3,13
06/13/2012,48,1719.038,9,48,58,0,0.3,12
06/14/2012,58,1627.1792,10,51,38,0,0.8,19
06/15/2012,61,2013.8381,8,61,41,0,0.4,20
06/16/2012,58,2014.2018,9,58,48,0,0.6,27
06/17/2012,48,1314.3503,8,43,42,0,1,21
06/18/2012,42,908.88324,10,29,70,0,0.7,19
06/19/2012,126,1653.1573,10,126,87,0,2.4,31
06/20/2012,136,2107.983,10,136,105,0,3.5,42
06/21/2012,156,2159.8872,10,156,83,0,11.1,40
06/22/2012,101,2374.1553,9,101,77,0,0,20
06/23/2012,77,2743.253,8,67,62,0,0,33
06/24/2012,101,2530.128,11,101,59,0,0,36
06/25/2012,74,2573.6675,8,74,48,0,0,16
06/26/2012,48,2647.809,7,40,51,0,0,14
06/27/2012,51,3179.7378,8,45,60,0,1.3,39
06/28/2012,122,2261.7217,8,122,82,0,5.4,40
06/29/2012,182,2762.2688,8,182,60,0,6.2,32
06/30/2012,101,2730.8872,8,101,72,0,0,28
07/01/2012,108,2676.0732,14,108,58,0,2.7,28
07/02/2012,58,2544.7278,8,58,72,0,1.5,18
07/03/2012,105,2765.9058,14,105,92,0,4.6,24
07/04/2012,115,2477.2363,14,115,71,0,4.3,20
07/05/2012,143,2492.3037,13,143,71,0,4.9,24
07/06/2012,154,2543.377,14,154,91,0,10,25
07/07/2012,115,3169.1387,16,115,99,0,8.4,18
07/08/2012,140,2603.3345,15,140,64,0,8.7,17
07/09/2012,64,1101.7971,11,49,66,0,0,21
07/10/2012,67,1886.4932,11,67,60,0,0,25
07/11/2012,60,1754.8359,8,50,55,0,1.4,19
07/12/2012,61,1762.1617,8,61,61,0,0.5,27
07/13/2012,93,1800.1418,8,93,57,0,2.7,35
07/14/2012,57,1120.3455,7,48,57,0,1.5,17
07/15/2012,57,1724.1816,5,41,66,0,2.5,12
07/16/2012,77,1831.6273,7,77,81,0,2,23
07/17/2012,129,2454.2717,8,129,81,0,0,30
07/18/2012,105,2093.643,8,105,65,0,5.1,28
07/19/2012,126,1760.2913,8,126,66,0,3.9,21
07/20/2012,66,861.7069,11,34,58,0,0,18
07/21/2012,58,602.5488,7,25,45,0,0.4,14
07/22/2012,45,837.5992,7,36,66,0,0.4,11
07/23/2012,66,1076.0266,9,58,71,0,1.9,14
07/24/2012,71,1645.8315,9,48,51,0,3,22
07/25/2012,64,1882.5446,7,64,77,0,1.4,22
07/26/2012,97,2174.0195,8,97,59,0,6,19
07/27/2012,67,1410.937,8,67,64,0,1.3,25
07/28/2012,71,2053.4287,8,71,61,0,1.1,24
07/29/2012,61,1681.006,8,49,63,0,2,26
07/30/2012,63,1474.4277,9,51,56,0,0,29
07/31/2012,56,1700.5935,8,42,62,0,1,21
08/01/2012,93,1913.7183,8,93,71,0,1.3,24
08/02/2012,77,1875.4265,9,77,79,0,1.5,22
08/03/2012,79,1864.7235,8,74,67,0,2.6,18
08/04/2012,67,2033.8933,7,54,97,0,1.3,8
08/05/2012,97,2089.3306,6,37,64,0,1.6,11
08/06/2012,67,1601.0452,8,67,76,0,1,15
08/07/2012,76,1232.9867,11,74,76,0,2.8,21
08/08/2012,80,1660.7949,9,80,71,0,0,24
08/09/2012,105,2357.1135,8,105,56,0,3.6,22
08/10/2012,56,1514.0703,8,44,55,0,0,22
08/11/2012,55,1655.8591,6,50,53,0,0.9,18
08/12/2012,53,1904.7299,7,47,59,0,1,25
08/13/2012,67,2201.816,9,67,70,0,1.2,32
08/14/2012,70,2148.301,9,64,67,0,2.1,32
08/15/2012,67,1172.5615,9,67,65,0,2.8,24
08/16/2012,108,2222.8064,9,108,71,0,1.8,35
08/17/2012,93,2251.798,8,93,53,0,3.8,27
08/18/2012,80,2212.2593,8,80,56,0,1.7,42
08/19/2012,56,1185.1869,10,51,61,0,0,36
08/20/2012,64,1203.2677,9,64,67,8,1.2,32
08/21/2012,93,1897.6118,10,93,76,14,2.6,37
08/22/2012,76,1741.4312,13,71,81,22,0,44
08/23/2012,108,2079.9265,13,108,81,16,0,40
08/24/2012,115,1945.5156,11,115,64,14,5.6,42
08/25/2012,64,1619.3857,9,46,48,13,2.5,38
08/26/2012,48,575.6355,8,27,31,13,0,14
08/27/2012,45,1411.5085,8,45,43,15,2.7,27
08/28/2012,50,2240.3157,10,50,41,24,0,31
08/29/2012,54,1988.899,10,54,55,31,2.3,45
08/30/2012,108,1899.2225,13,108,59,13,1.6,42
08/31/2012,90,2180.2021,10,90,49,26,0,16
05/01/2013,61,1306.2942,6,61,23,14,1.2,31
05/02/2013,40,1140.9958,7,40,31,23,0.3,33
05/03/2013,44,1402.356,8,44,28,22,0.8,27
05/04/2013,44,1473.13,5,44,41,25,0,12
05/05/2013,50,1188.9736,5,50,42,16,0.1,13
05/06/2013,42,747.1,6,30,26,12,1,20
05/07/2013,30,686.87573,6,30,40,13,0.2,12
05/08/2013,40,1332.4832,7,38,53,12,0.5,25
05/09/2013,53,1411.5804,8,38,58,23,0.4,34
05/10/2013,58,1940.9276,13,50,53,22,2.3,37
05/11/2013,53,1473.2361,6,35,32,24,0.2,19
05/12/2013,43,2675.1748,6,43,27,17,0.3,10
05/13/2013,44,2812.959,5,44,37,13,0.6,23
05/14/2013,47,2074.9478,7,47,58,18,1.1,31
05/15/2013,63,1314.5114,6,58,59,17,1,63
05/16/2013,59,1893.904,6,54,52,23,2,42
05/17/2013,90,2418.639,6,90,31,21,1,29
05/18/2013,44,636.40625,6,44,46,19,0.7,8
05/19/2013,46,788.45105,5,30,52,23,,10
05/20/2013,55,1148.3118,5,37,57,27,0.5,55
05/21/2013,57,1167.0258,6,41,68,26,1.1,21
05/22/2013,68,1223.2208,6,49,39,32,0.6,20
05/23/2013,39,1292.6165,5,39,27,31,0,20
05/24/2013,31,1733.589,6,31,30,20,1.2,13
05/25/2013,39,2851.023,3,39,27,13,2.3,7
05/26/2013,45,2148.3723,6,45,35,13,2.9,32
05/27/2013,47,1713.6556,9,47,62,12,1.8,25
05/28/2013,62,1451.2351,9,47,68,14,0.6,33
05/29/2013,71,2458.1345,6,71,60,10,2.5,19
05/30/2013,90,2261.7698,5,90,55,11,0.8,25
05/31/2013,61,1953.598,5,61,67,14,1.3,22
06/01/2013,67,2062.1711,3,47,41,19,1.7,8
06/02/2013,41,1617.3287,2,31,46,19,1.2,13
06/03/2013,46,1478.9615,3,43,30,18,2.2,34
06/04/2013,49,1949.569,3,49,48,18,1.9,26
06/05/2013,87,1724.2584,8,87,30,14,3.1,42
06/06/2013,44,1327.5529,3,44,25,13,2.1,25
06/07/2013,25,661.1638,8,19,54,20,0.4,22
06/08/2013,54,1370.6534,5,47,60,28,2.2,27
06/09/2013,60,1123.183,7,50,45,12,2.3,28
06/10/2013,50,1044.3508,3,25,39,18,0.2,50
06/11/2013,44,1698.7585,6,44,62,17,0.5,15
06/12/2013,70,1947.8195,6,64,55,19,0,70
06/13/2013,55,1929.6886,5,41,30,16,1.3,40
06/14/2013,41,1875.8792,5,41,54,9,0.8,28
06/15/2013,54,2108.2407,5,51,63,13,1.9,42
06/16/2013,63,1884.4675,8,44,58,14,1.1,40
06/17/2013,58,1793.7601,5,54,63,20,0.9,20
06/18/2013,63,432.6725,6,29,48,18,4.2,61
06/19/2013,48,1137.9209,5,44,43,17,1.8,34
06/20/2013,51,1622.047,5,51,57,18,1.7,28
06/21/2013,77,1400.6064,5,77,30,16,1.2,28
06/22/2013,48,1619.6084,3,48,29,17,1.1,12
06/23/2013,36,1081.3547,2,36,51,23,0.8,11
06/24/2013,74,1988.1633,5,74,55,14,1.1,19
06/25/2013,58,1864.9053,5,58,49,9,1.1,23
06/26/2013,84,1740.3218,5,84,49,8,0.4,24
06/27/2013,49,842.5256,5,31,40,8,0.6,14
06/28/2013,43,1537.4893,5,43,42,11,0.3,20
06/29/2013,71,1916.064,3,71,55,19,0.9,18
06/30/2013,55,1023.62225,2,37,25,18,1.2,9
07/01/2013,27,979.6734,2,27,34,15,0.5,9
07/02/2013,34,707.7103,2,24,37,17,0.7,8
07/03/2013,37,1164.6401,3,23,66,18,0.9,8
07/04/2013,66,1337.3605,3,19,45,18,3,7
07/05/2013,45,1591.8289,3,23,38,15,1,6
07/06/2013,38,1527.7346,2,30,31,19,1,7
07/07/2013,31,1466.185,2,27,40,17,0.8,12
07/08/2013,46,1688.1558,2,46,62,19,0,11
07/09/2013,62,1341.9197,5,43,55,14,2.3,24
07/10/2013,55,926.92426,9,42,46,14,1.3,13
07/11/2013,51,1350.0309,13,51,52,17,1.1,12
07/12/2013,52,599.0311,11,28,40,16,0.8,18
07/13/2013,41,917.96484,10,41,45,20,0,14
07/14/2013,45,1413.648,9,20,55,31,1.1,10
07/15/2013,55,1794.6084,8,51,63,20,1.5,12
07/16/2013,74,2050.7732,9,74,68,26,1.6,24
07/17/2013,97,2169.154,9,97,76,23,1,23
07/18/2013,101,1611.073,9,101,80,21,1.3,20
07/19/2013,80,1832.8846,9,80,59,14,1.9,17
07/20/2013,59,1532.1349,9,44,50,14,0.4,8
07/21/2013,50,2081.6274,8,50,50,14,2,21
07/22/2013,50,1372.774,8,43,35,13,1,16
07/23/2013,44,1496.0321,10,44,42,16,0.7,27
07/24/2013,43,1548.9403,10,43,31,15,1,17
07/25/2013,42,1556.3623,9,42,46,22,3.9,16
07/26/2013,67,2103.6284,10,67,58,15,3.3,17
07/27/2013,58,1440.9503,9,44,57,20,1,11
07/28/2013,57,1320.2899,9,42,45,19,1.1,10
07/29/2013,45,2531.2942,2,44,55,23,1.9,16
07/30/2013,61,1833.7859,6,61,66,22,1.7,28
07/31/2013,66,1511.4592,6,48,65,19,2.6,29
08/01/2013,65,1430.3475,6,34,55,32,0.8,13
08/02/2013,55,2247.403,6,50,57,30,0.8,19
08/03/2013,57,1225.0764,6,35,33,33,1.2,19
08/04/2013,33,2202.5,5,32,31,35,0.5,21
08/05/2013,43,2196.8804,5,43,49,27,4.8,18
08/06/2013,49,671.9258,5,29,56,14,0,20
08/07/2013,56,1315.6246,6,39,52,12,0,8
08/08/2013,52,1579.1584,6,35,53,12,0,8
08/09/2013,53,1757.8695,6,37,47,6,0,10
08/10/2013,48,1157.0061,6,48,54,14,0,20
08/11/2013,54,1425.1521,6,47,65,13,0,14
08/12/2013,65,2090.2158,7,64,56,12,0,22
08/13/2013,56,1473.7131,7,42,22,15,0,16
08/14/2013,30,1983.5511,6,30,24,15,0,10
08/15/2013,44,2156.4836,7,44,41,20,0.5,22
08/16/2013,61,1987.8452,7,61,49,19,0.5,40
08/17/2013,67,1679.0374,9,67,43,22,0.6,34
08/18/2013,43,592.66943,6,42,43,23,0.1,17
08/19/2013,43,895.6459,7,31,51,16,0.5,23
08/20/2013,61,1699.872,9,61,55,6,3.6,15
08/21/2013,55,1516.2306,7,44,37,6,2,18
08/22/2013,48,1821.8047,8,48,55,6,0.8,13
08/23/2013,55,913.77673,8,28,34,6,0.9,28
08/24/2013,44,2268.5027,8,44,33,12,0.9,22
08/25/2013,54,1870.7368,7,54,41,14,1,16
08/26/2013,47,1816.6093,7,47,75,14,0,13
08/27/2013,75,1880.1204,7,71,58,19,0,21
08/28/2013,58,431.02905,6,31,60,22,1,18
08/29/2013,77,1360.3157,7,77,52,21,1.9,23
08/30/2013,58,1553.6586,6,58,51,12,1.5,16
08/31/2013,51,1649.8795,5,47,45,14,0.9,8
05/01/2014,47,1759.6917,10,47,30,15,0.8,25
05/02/2014,44,2287.1382,6,44,34,14,1.4,23
05/03/2014,49,2284.4526,7,49,27,15,1.3,30
05/04/2014,49,2734.99,7,49,20,18,0.5,19
05/05/2014,44,1491.3679,8,44,29,7,0.9,12
05/06/2014,51,2079.7432,8,51,40,14,0.8,33
05/07/2014,40,814.24115,8,30,63,16,1.1,29
05/08/2014,71,1644.79,8,71,59,33,1.3,26
05/09/2014,59,570.7908,9,41,43,19,0.4,9
05/10/2014,43,1305.7644,3,37,33,15,0.4,15
05/11/2014,80,1720.1144,3,80,55,15,1.3,25
05/12/2014,58,1625.1115,7,58,52,23,1.5,21
05/13/2014,101,1780.955,10,101,51,24,1.3,24
05/14/2014,51,616.8394,9,27,47,13,0.6,13
05/15/2014,47,1383.5101,7,31,24,21,1.2,16
05/16/2014,40,1422.7351,6,40,38,8,0.3,13
05/17/2014,47,2317.0303,6,47,23,10,1.3,28
05/18/2014,48,2357.0916,6,48,38,8,1.5,19
05/19/2014,61,2713.9028,6,61,48,15,1.7,20
05/20/2014,93,1970.8727,9,93,59,17,1.2,22
05/21/2014,59,968.3237,10,43,59,24,1.7,28
05/22/2014,71,2105.2327,7,71,27,22,0.5,21
05/23/2014,54,2473.9302,7,54,28,12,0.7,8
05/24/2014,42,2042.7632,6,42,38,6,0.8,14
05/25/2014,49,2603.8877,7,49,47,12,0.6,31
05/26/2014,67,2166.3813,7,67,58,16,1,20
05/27/2014,74,1952.5149,7,74,52,22,0.6,25
05/28/2014,52,1693.7883,7,48,17,19,1.4,11
05/29/2014,22,601.38715,7,22,23,5,,16
05/30/2014,39,1484.0159,9,39,26,9,0.6,18
05/31/2014,45,2510.2937,7,45,35,15,2.7,10
06/01/2014,50,1927.3774,3,50,32,12,2.5,12
06/02/2014,54,1344.3732,5,54,53,19,1.7,15
06/03/2014,53,1951.5903,10,47,52,23,1.4,21
06/04/2014,97,2327.1116,9,97,30,19,0.9,19
06/05/2014,47,2027.2668,6,47,31,9,2,8
06/06/2014,41,2023.2607,5,37,38,13,4.9,41
06/07/2014,48,2212.21,7,48,54,11,1.6,35
06/08/2014,54,1609.8353,5,54,59,15,1.1,14
06/09/2014,59,1232.9054,7,54,56,22,1.7,13
06/10/2014,56,922.3631,10,47,40,20,0.7,22
06/11/2014,43,1267.2438,7,43,20,16,0.6,18
06/12/2014,23,667.0263,7,23,37,6,0.3,18
06/13/2014,37,702.4653,6,37,38,15,1.1,15
06/14/2014,44,1731.8687,5,44,26,14,1.4,10
06/15/2014,51,1422.1188,5,51,58,12,1.6,12
06/16/2014,140,2485.9487,8,140,62,22,2.1,28
06/17/2014,84,2393.9395,7,84,73,20,1.3,18
06/18/2014,73,2192.8396,8,67,49,34,0.6,18
06/19/2014,49,1877.0144,6,44,33,17,0.9,26
06/20/2014,50,1723.7244,8,50,50,12,1,18
06/21/2014,50,708.01227,5,48,48,14,0.6,25
06/22/2014,74,1969.4199,5,74,34,14,0.5,12
06/23/2014,54,1895.8566,3,54,33,15,1.2,18
06/24/2014,47,1429.7789,3,47,44,15,2.2,9
06/25/2014,44,1620.577,5,42,42,16,0.5,8
06/26/2014,46,1971.2249,5,46,42,14,1.5,14
06/27/2014,46,1478.4249,5,46,28,16,1,18
06/28/2014,47,1584.742,2,47,32,13,0.5,14
06/29/2014,54,1769.4648,2,54,36,11,1.3,8
06/30/2014,54,1762.8173,2,54,55,18,0.8,10
07/01/2014,61,2055.1777,3,61,67,21,0.9,12
07/02/2014,67,2038.669,5,67,54,33,0.5,12
07/03/2014,54,1552.4727,5,45,68,23,0.4,22
07/04/2014,68,2005.167,5,35,26,22,2,11
07/05/2014,43,2077.1897,2,43,45,8,0.7,13
07/06/2014,50,2378.1348,2,50,63,16,0.6,12
07/07/2014,64,2120.9492,5,64,57,20,0.3,16
07/08/2014,57,2240.077,3,54,40,20,0.6,14
07/09/2014,44,1808.1616,5,44,51,11,1.4,22
07/10/2014,61,1822.3372,8,61,51,15,1,22
07/11/2014,112,1632.5955,9,112,55,14,0.8,19
07/12/2014,61,1806.8408,3,61,55,13,0.7,11
07/13/2014,58,1911.573,3,58,55,14,1.4,6
07/14/2014,67,1966.5583,6,67,58,,1.7,22
07/15/2014,58,1297.268,6,41,42,,0.9,22
07/16/2014,44,2102.5913,5,44,40,10,1,22
07/17/2014,47,2265.6106,5,47,44,12,0.9,31
07/18/2014,77,1958.0619,8,77,38,16,1.2,31
07/19/2014,61,1675.4745,3,61,40,15,1,21
07/20/2014,44,1139.3993,3,44,33,10,0.7,11
07/21/2014,51,1154.9836,5,51,38,10,1,12
07/22/2014,40,1253.8606,3,40,48,12,1,16
07/23/2014,71,2289.4714,5,71,30,18,0.9,13
07/24/2014,32,968.0596,9,32,35,7,0.6,9
07/25/2014,49,2089.6924,5,49,43,12,1,25
07/26/2014,77,2189.67,3,77,36,14,0.6,10
07/27/2014,39,1478.2048,3,39,26,8,0.8,6
07/28/2014,43,2379.4116,3,43,30,13,0.9,12
07/29/2014,33,2036.8201,2,33,42,9,0.9,10
07/30/2014,54,1958.3259,2,54,59,15,1.7,22
07/31/2014,61,2773.9067,3,61,58,20,0.7,19
08/01/2014,58,674.5984,3,46,42,19,1.1,10
08/02/2014,47,1235.2386,3,47,51,9,0.6,8
08/03/2014,51,1203.9819,3,39,38,2,1.2,8
08/04/2014,61,1086.7911,5,61,60,11,1,25
08/05/2014,93,2343.268,8,93,62,30,1,29
08/06/2014,64,1801.4259,6,64,52,19,3,17
08/07/2014,52,2198.7827,6,41,51,18,0.5,24
08/08/2014,61,1816.6581,6,61,62,20,1,29
08/09/2014,62,1488.0221,5,49,59,23,1,26
08/10/2014,67,1795.835,5,67,30,17,0.6,13
08/11/2014,42,2049.543,5,42,39,15,1,26
08/12/2014,39,798.17255,8,29,30,6,0.4,29
08/13/2014,43,1730.548,6,43,34,9,0.6,13
08/14/2014,44,2648.0874,3,44,35,13,2.2,13
08/15/2014,49,2506.6396,3,49,39,11,0,26
08/16/2014,84,1892.3787,5,84,53,14,0,28
08/17/2014,53,1816.2179,5,44,51,14,0,15
08/18/2014,51,887.89264,5,40,40,13,0,23
08/19/2014,41,1195.0891,8,41,40,13,0,21
08/20/2014,50,1619.5646,6,50,53,18,1.7,28
08/21/2014,53,1759.8237,6,47,52,17,1.8,25
08/22/2014,52,921.92285,7,36,23,14,0.7,23
08/23/2014,23,716.55286,5,23,29,7,0.7,12
08/24/2014,41,1452.6271,5,41,33,9,1.2,31
08/25/2014,47,1625.5957,6,47,50,15,0.8,27
08/26/2014,67,1836.1165,8,67,60,19,1.9,42
08/27/2014,101,2048.8826,8,101,41,23,1.8,36
08/28/2014,45,1854.6504,6,45,28,15,0.6,10
08/29/2014,48,1656.8085,5,48,38,13,2.2,19
08/30/2014,44,1177.6998,3,44,43,15,1.2,8
08/31/2014,43,2037.9207,3,39,19,12,1.6,7
05/01/2015,34,1204.6677,6,34,28,21,3.5,29
05/02/2015,44,2706.1846,6,44,42,21,1.4,28
05/03/2015,71,3067.0312,6,71,52,27,3.3,31
05/04/2015,64,2600.774,5,64,58,37,1.8,29
05/05/2015,77,2066.5188,5,77,61,44,1.8,24
05/06/2015,61,1456.2689,9,61,56,39,1.4,27
05/07/2015,67,1339.9618,5,67,54,38,2.4,18
05/08/2015,87,1658.4385,6,87,30,32,0.8,33
05/09/2015,36,1350.6713,5,36,50,19,0.6,10
05/10/2015,50,1376.2054,3,37,50,33,0.9,7
05/11/2015,50,1241.7063,5,34,40,32,0.8,14
05/12/2015,50,3027.3271,6,50,28,38,3.4,19
05/13/2015,35,1780.5913,5,35,24,29,1.4,5
05/14/2015,54,1745.4233,6,54,35,15,2.1,11
05/15/2015,54,1224.2627,3,54,57,20,2.1,18
05/16/2015,57,1815.1514,3,54,47,21,1.5,12
05/17/2015,47,1545.7323,5,36,52,14,0.6,18
05/18/2015,52,1319.7589,6,48,33,17,0.6,17
05/19/2015,46,2186.8945,5,46,30,15,1,7
05/20/2015,37,1697.5349,3,37,29,17,3.3,10
05/21/2015,30,827.82697,6,30,34,10,2.8,16
05/22/2015,58,2960.6855,5,58,28,18,0.6,7
05/23/2015,58,1928.8865,3,58,43,12,1.2,15
05/24/2015,84,2405.7598,3,84,51,17,1.5,12
05/25/2015,51,1697.6752,3,50,52,22,1,6
05/26/2015,52,1806.8738,3,49,38,20,2.5,7
05/27/2015,39,1786.7644,5,39,43,20,1,16
05/28/2015,58,2009.2772,5,58,53,16,2.5,25
05/29/2015,53,1153.8798,6,44,32,22,1.1,11
05/30/2015,41,1961.3888,3,41,41,20,0.9,7
05/31/2015,41,2086.4412,2,36,33,20,0.7,6
06/01/2015,42,1803.7874,5,42,21,15,0,25
06/02/2015,21,472.6858,6,19,20,3,0,21
06/03/2015,20,700.5766,6,20,26,5,3.7,20
06/04/2015,27,627.15393,5,21,34,9,4.1,27
06/05/2015,34,834.4678,8,21,32,6,2,28
06/06/2015,44,1640.5271,9,44,25,9,0.5,22
06/07/2015,40,1361.3806,6,40,40,12,1.2,20
06/08/2015,44,1412.5427,6,44,39,17,1.5,26
06/09/2015,58,2306.8962,5,58,71,14,5.4,25
06/10/2015,71,1689.4911,7,71,89,27,2.3,37
06/11/2015,126,1411.1396,7,126,55,37,2.8,32
06/12/2015,58,2013.0653,7,58,47,20,1.7,28
06/13/2015,47,1291.746,7,47,55,13,2,36
06/14/2015,58,1780.3108,7,58,39,17,1.3,25
06/15/2015,39,1825.8141,7,34,28,14,1.7,25
06/16/2015,36,2164.1196,5,36,43,12,2.1,18
06/17/2015,51,987.6265,6,51,37,16,0.8,34
06/18/2015,39,1687.9011,7,39,52,12,0.4,29
06/19/2015,52,1666.4354,7,36,49,18,0.6,21
06/20/2015,49,1383.688,6,44,31,16,0.9,24
06/21/2015,39,1999.316,5,39,40,8,0.6,10
06/22/2015,64,1845.3623,5,64,57,12,2.5,33
06/23/2015,57,2040.0493,5,39,26,25,2.6,25
06/24/2015,47,1859.2051,5,47,53,10,2.6,36
06/25/2015,80,1709.1328,8,80,54,15,4.3,33
06/26/2015,61,1066.0532,9,61,27,14,2.3,34
06/27/2015,37,759.9695,7,37,11,4,1.6,21
06/28/2015,34,1677.519,3,34,39,1,1.1,14
06/29/2015,45,2099.4421,5,45,50,10,1.5,31
06/30/2015,51,1860.4678,6,51,62,13,2.2,31
07/01/2015,62,1917.7094,11,51,81,23,2.4,34
07/02/2015,81,657.131,11,35,75,27,1.6,34
07/03/2015,75,1217.5751,11,61,97,23,4.3,34
07/04/2015,97,893.2059,8,49,73,29,6.5,23
07/05/2015,73,786.3923,7,48,53,22,2,23
07/06/2015,53,1582.2566,7,31,61,13,0.9,25
07/07/2015,61,1775.5874,6,54,63,20,1.9,22
07/08/2015,63,1393.883,6,31,41,22,1.5,25
07/09/2015,41,1649.553,6,31,38,17,1.8,22
07/10/2015,47,1109.4988,5,47,59,13,2.7,11
07/11/2015,59,1728.0731,8,51,63,17,3.8,31
07/12/2015,100,1650.6753,10,100,60,21,1.3,44
07/13/2015,60,850.6488,8,42,44,18,2.4,36
07/14/2015,45,1149.437,7,45,24,11,1.2,25
07/15/2015,43,1467.3524,5,43,30,7,1.7,18
07/16/2015,50,1716.1946,7,50,44,11,2.2,29
07/17/2015,44,1030.511,7,41,47,19,3.8,30
07/18/2015,49,947.9222,6,49,63,12,6.2,27
07/19/2015,63,1754.3088,6,61,54,16,2.6,27
07/20/2015,54,1573.1372,6,54,50,14,1.7,32
07/21/2015,50,1586.0447,8,44,30,15,2,24
07/22/2015,47,1835.7285,3,47,43,11,1.6,15
07/23/2015,49,1854.9961,6,49,44,13,2.2,41
07/24/2015,47,2233.5671,9,47,52,16,2.7,40
07/25/2015,58,1776.5227,8,58,52,22,1.5,42
07/26/2015,54,1624.5798,6,54,58,16,3.2,22
07/27/2015,58,891.1482,7,45,57,14,1.9,29
07/28/2015,77,1627.947,9,77,49,20,1.4,29
07/29/2015,49,1178.9463,6,38,55,20,2,24
07/30/2015,55,1009.46625,6,44,46,15,5.5,27
07/31/2015,50,1991.3191,9,50,69,19,2.7,41
08/01/2015,69,2453.04,8,58,41,16,1.9,29
08/02/2015,47,2021.4364,8,47,42,14,3.3,32
08/03/2015,71,2081.4373,6,71,46,16,1.4,24
08/04/2015,61,2186.3335,6,61,52,16,1.7,31
08/05/2015,77,2297.73,9,77,52,15,3.4,29
08/06/2015,52,748.8392,9,50,40,21,2.9,33
08/07/2015,49,1073.7695,8,49,37,13,1.4,32
08/08/2015,45,1885.2537,7,45,34,12,2.7,27
08/09/2015,51,1512.2478,7,51,44,12,1.2,25
08/10/2015,44,1053.3795,6,33,39,14,1.5,27
08/11/2015,45,1897.3661,5,45,25,9,0.9,23
08/12/2015,34,2324.9011,7,34,24,8,2.3,15
08/13/2015,45,1978.8793,6,45,48,10,3.2,34
08/14/2015,100,2038.6462,10,100,44,17,3.1,33
08/15/2015,87,1646.6534,7,87,48,16,1.8,32
08/16/2015,90,2057.119,7,90,53,17,3.1,23
08/17/2015,84,2092.6143,7,84,60,22,3,33
08/18/2015,60,1711.705,7,54,47,24,1,31
08/19/2015,47,1441.1167,6,37,39,17,2.3,25
08/20/2015,39,652.9688,6,33,30,13,1.5,23
08/21/2015,48,1670.2703,8,48,30,11,3.2,33
08/22/2015,49,2035.8403,7,49,36,11,3.4,37
08/23/2015,84,1899.0964,8,84,54,13,2.8,31
08/24/2015,54,1794.3406,6,54,47,19,2.3,40
08/25/2015,49,2052.91,7,49,38,15,3.5,32
08/26/2015,45,1811.4569,7,45,38,15,2.9,38
08/27/2015,41,1750.0063,8,41,49,12,1.8,33
08/28/2015,61,1835.6818,8,61,45,15,1.9,38
08/29/2015,77,1874.7313,7,77,53,19,2.3,33
08/30/2015,71,1543.4408,5,71,56,18,2.6,25
08/31/2015,67,1013.86224,5,67,59,22,2.2,31
05/01/2016,31,533.6881,9,31,21,6,0.7,17
05/02/2016,30,1379.7738,10,30,41,11,1.4,21
05/03/2016,41,1112.3262,10,30,25,13,2.3,20
05/04/2016,25,683.65625,9,24,27,8,1.8,21
05/05/2016,27,930.1348,10,22,15,9,1.2,20
05/06/2016,20,626.32324,9,20,19,5,1,15
05/07/2016,32,1502.1903,9,32,23,5,1.4,24
05/08/2016,43,2592.472,8,43,38,12,1.1,14
05/09/2016,38,661.83777,11,28,48,15,2.1,30
05/10/2016,48,654.40576,10,31,54,19,0.9,27
05/11/2016,54,250.26147,10,22,56,16,0.9,22
05/12/2016,56,676.7019,10,31,55,17,1.1,25
05/13/2016,55,1821.1313,9,40,37,20,0.7,29
05/14/2016,42,1967.4365,10,42,22,15,1,25
05/15/2016,43,2733.3093,7,43,23,12,1.5,12
05/16/2016,43,1766.2404,8,43,35,12,1,29
05/17/2016,35,352.55835,10,31,53,14,1.5,25
05/18/2016,53,1342.4543,10,37,54,20,2.1,28
05/19/2016,54,1591.2687,9,46,48,21,1.5,41
05/20/2016,51,2066.4421,14,51,29,22,1.6,36
05/21/2016,38,661.307,8,38,25,10,0.5,24
05/22/2016,34,490.95374,8,34,46,5,1.3,14
05/23/2016,46,1880.1631,11,36,42,14,0,25
05/24/2016,54,2576.0684,13,54,58,17,0,42
05/25/2016,105,2061.6113,14,105,62,25,1.4,45
05/26/2016,105,2169.8538,13,105,66,34,2.6,35
05/27/2016,90,1681.3027,9,90,57,30,1.6,30
05/28/2016,67,1598.9662,15,67,28,25,1.1,24
05/29/2016,35,1545.3492,15,35,31,12,0.9,20
05/30/2016,44,1167.4827,10,44,35,8,1.3,18
05/31/2016,71,1609.3711,8,71,41,13,1.4,34
06/01/2016,97,1932.1344,10,97,23,20,1.8,38
06/02/2016,32,1012.68365,8,32,37,9,1.1,21
06/03/2016,37,661.6786,9,19,39,16,0.8,20
06/04/2016,39,916.3855,8,38,23,12,2.9,18
06/05/2016,33,1312.6731,7,33,26,8,1.4,20
06/06/2016,49,2153.1316,7,49,31,10,0.6,19
06/07/2016,71,2718.0737,7,71,36,19,1.2,19
06/08/2016,41,2539.8638,6,41,25,19,0,9
06/09/2016,51,2122.448,6,51,30,16,0,29
06/10/2016,61,2085.7124,7,61,56,19,1.4,37
06/11/2016,74,2644.7087,8,74,46,28,2,31
06/12/2016,71,2374.3413,7,71,24,21,2.3,20
06/13/2016,41,1785.4044,6,41,27,17,1.2,17
06/14/2016,67,1860.4681,6,67,44,15,3.2,30
06/15/2016,49,1096.4535,7,49,53,25,1.9,34
06/16/2016,67,912.40405,7,67,29,20,2.3,25
06/17/2016,44,1686.3989,7,44,27,12,2,24
06/18/2016,51,2219.2239,6,51,28,14,1.8,25
06/19/2016,58,2606.2744,6,58,38,13,0.9,25
06/20/2016,74,2301.454,7,74,37,20,1.1,28
06/21/2016,46,1619.9883,7,46,35,14,0.8,25
06/22/2016,52,2208.6597,7,50,28,17,1.7,52
06/23/2016,51,1208.5181,7,44,40,7,0.9,51
06/24/2016,54,1179.2146,7,54,41,11,2.9,52
06/25/2016,58,1613.3525,6,58,35,14,2.4,48
06/26/2016,51,1759.7639,6,51,47,15,2.1,51
06/27/2016,49,1449.7412,6,49,51,19,1.5,46
06/28/2016,58,796.99493,7,58,36,15,1.1,48
06/29/2016,49,1861.3175,6,44,41,12,1.3,49
06/30/2016,61,1737.8925,6,61,45,19,1.3,31
07/01/2016,51,1547.3666,6,51,25,15,2.2,29
07/02/2016,37,1969.507,6,37,37,10,0.9,25
07/03/2016,37,878.1105,6,36,55,12,1.1,20
07/04/2016,55,546.3225,6,31,30,13,1.7,13
07/05/2016,42,1631.4017,10,42,40,6,2.2,27
07/06/2016,58,1797.1896,11,58,46,11,3.2,35
07/07/2016,58,1645.7881,13,58,45,12,1.8,16
07/08/2016,51,1893.2754,7,51,32,12,1.7,26
07/09/2016,50,2472.6035,10,50,23,9,1.2,19
07/10/2016,39,2058.9038,6,39,28,9,1.2,12
07/11/2016,58,2224.5854,7,58,32,14,2.5,22
07/12/2016,46,1525.8136,10,46,37,22,1.7,27
07/13/2016,45,1379.0306,9,45,46,13,0.7,27
07/14/2016,46,2413.7842,10,44,30,19,1.5,22
07/15/2016,46,1802.9229,10,46,32,12,1.6,32
07/16/2016,77,2127.1726,11,77,34,14,1.1,26
07/17/2016,51,2390.5325,9,51,42,11,0.4,17
07/18/2016,50,2192.9993,11,50,40,16,1.3,25
07/19/2016,74,2051.7903,9,74,53,15,2.1,28
07/20/2016,93,1998.3857,8,93,55,21,1.4,40
07/21/2016,129,2207.9165,13,129,60,26,1.4,31
07/22/2016,93,2086.0308,9,93,52,21,1.8,25
07/23/2016,58,2057.4705,14,58,45,14,1.4,32
07/24/2016,64,2044.9423,14,64,54,16,3.9,22
07/25/2016,84,2618.5903,13,84,45,21,2.2,28
07/26/2016,84,1733.6455,7,84,50,17,1.8,42
07/27/2016,108,1969.6132,7,108,45,16,1.2,29
07/28/2016,51,887.8252,9,51,42,16,1.6,33
07/29/2016,71,1568.017,7,71,43,9,0.5,14
07/30/2016,50,1087.4288,8,50,33,11,1.3,23
07/31/2016,45,1503.9952,7,45,39,8,0.6,23
08/01/2016,50,1559.9479,8,50,41,11,0.8,19
08/02/2016,67,1282.7855,7,67,28,21,1.8,16
08/03/2016,38,979.82336,6,38,26,21,0.8,17
08/04/2016,37,1517.3198,6,37,30,19,1.4,25
08/05/2016,30,898.1239,8,30,40,16,2.5,25
08/06/2016,45,1293.9336,8,45,22,10,0.7,20
08/07/2016,37,2298.853,7,37,33,9,1.3,30
08/08/2016,43,1826.0684,13,43,31,14,1.2,26
08/09/2016,33,797.8443,10,33,35,16,4.7,29
08/10/2016,35,1683.6915,8,29,43,16,1.1,20
08/11/2016,43,1718.4629,9,33,44,26,1.8,18
08/12/2016,44,1671.3225,9,40,35,21,2.4,22
08/13/2016,43,1949.7058,7,43,26,0,1,14
08/14/2016,32,2187.16,7,32,21,0,1,19
08/15/2016,64,1909.6259,8,64,35,0,1.1,30
08/16/2016,48,2121.8108,8,48,20,9,7.7,25
08/17/2016,41,1879.2075,9,41,26,8,1.1,22
08/18/2016,45,1635.9672,7,45,34,9,0.8,25
08/19/2016,54,1985.4327,8,54,44,13,0.9,38
08/20/2016,77,1857.4954,13,77,33,16,1.9,32
08/21/2016,33,809.7356,8,33,19,5,1.4,19
08/22/2016,34,2182.435,6,34,23,10,1.1,28
08/23/2016,50,2032.6794,8,50,28,14,1.4,29
08/24/2016,45,1312.7261,7,45,45,16,1,32
08/25/2016,61,1525.7074,10,61,45,23,1.7,29
08/26/2016,50,1951.4045,8,50,49,16,0.9,40
08/27/2016,51,1837.8004,14,51,33,21,1.5,35
08/28/2016,42,1521.0889,13,42,33,14,1.7,29
08/29/2016,64,1824.4758,11,64,36,19,1.4,35
08/30/2016,71,2238.4941,11,71,52,24,4,34
08/31/2016,80,1925.4985,9,80,49,27,2.2,35
05/01/2017,49,1959.275,3,30,24,40,2.3,19
05/02/2017,46,3574.4558,2,46,23,44,1.2,38
05/03/2017,40,1957.5892,5,40,34,22,1.1,36
05/04/2017,41,1582.9434,7,41,30,28,1.8,31
05/05/2017,34,935.729,5,34,20,12,1,22
05/06/2017,28,1381.508,3,28,17,13,1,10
05/07/2017,39,2210.471,3,39,25,25,1.2,7
05/08/2017,47,2924.7944,5,47,52,18,1.8,44
05/09/2017,52,2011.8636,8,51,52,17,1.2,36
05/10/2017,93,1937.7937,7,93,52,22,0.9,39
05/11/2017,52,686.32764,6,38,33,16,0.8,33
05/12/2017,33,996.3119,6,29,19,14,1.1,28
05/13/2017,30,906.5796,3,30,31,6,0.7,20
05/14/2017,61,2900.92,7,61,20,26,1,20
05/15/2017,47,1842.1337,2,47,38,15,2.1,15
05/16/2017,67,1439.5349,7,67,60,23,2.6,35
05/17/2017,105,2152.1724,6,105,58,25,2.2,36
05/18/2017,74,1954.7612,5,74,60,25,2,29
05/19/2017,60,2260.7754,5,45,44,24,1.6,31
05/20/2017,44,991.4174,6,34,28,23,1.4,25
05/21/2017,39,924.85236,3,39,32,20,1,19
05/22/2017,32,790.96094,6,26,54,15,1.2,20
05/23/2017,54,716.891,6,26,36,28,1.8,23
05/24/2017,42,864.487,5,42,20,14,1.4,25
05/25/2017,39,961.50665,5,39,27,2,1.8,25
05/26/2017,43,1822.4469,5,43,45,10,0.8,29
05/27/2017,45,820.98047,9,38,50,0,2.1,25
05/28/2017,50,770.5129,6,39,37,0,0.9,15
05/29/2017,44,1843.3301,5,44,42,0,1.4,11
05/30/2017,42,545.7471,5,27,52,0,1,22
05/31/2017,58,2137.9783,5,58,41,12,1.4,29
06/01/2017,64,2356.653,6,64,47,18,1.5,39
06/02/2017,50,2777.3613,9,50,53,21,1,35
06/03/2017,64,3015.8862,9,64,56,23,1.6,33
06/04/2017,67,2329.0808,7,67,52,23,1.6,27
06/05/2017,52,580.82434,7,46,45,13,0.8,31
06/06/2017,45,2345.3413,7,42,39,12,1,26
06/07/2017,39,1075.113,5,29,41,9,1,25
06/08/2017,49,1756.3713,7,49,47,14,0.7,31
06/09/2017,50,2488.043,6,50,50,14,1.2,40
06/10/2017,87,2366.7139,7,87,56,16,1.2,26
06/11/2017,61,2504.0315,6,61,66,15,2,25
06/12/2017,66,2464.7668,6,64,64,19,1.9,27
06/13/2017,80,2548.0276,6,80,61,19,1,25
06/14/2017,108,1685.2925,5,108,54,19,2.1,22
06/15/2017,54,1429.5283,5,49,57,17,1.5,30
06/16/2017,61,837.241,6,61,39,20,1,27
06/17/2017,39,1124.6562,6,37,47,5,1.9,14
06/18/2017,47,1423.8726,3,39,35,9,2.6,7
06/19/2017,35,1696.2235,3,32,33,11,0,11
06/20/2017,51,2545.3083,3,51,51,16,0,14
06/21/2017,67,2370.1943,5,67,59,19,0,25
06/22/2017,61,1402.1193,7,61,44,25,0,30
06/23/2017,44,1528.832,7,24,37,17,1,14
06/24/2017,47,2364.4844,6,47,38,14,1.2,30
06/25/2017,46,2650.8118,6,46,43,15,1.2,11
06/26/2017,48,2776.437,3,48,40,16,1.1,19
06/27/2017,46,2919.519,3,46,39,16,1.3,30
06/28/2017,48,2367.9104,6,48,53,16,2.3,25
06/29/2017,74,2449.8657,3,74,54,23,1.6,22
06/30/2017,54,1932.8448,5,54,40,26,1.1,25
07/01/2017,40,1906.1427,6,36,52,13,1.6,12
07/02/2017,52,2463.8423,7,50,51,14,2.4,21
07/03/2017,64,2534.3774,7,64,90,20,1.7,33
07/04/2017,90,2398.3105,9,80,68,32,2.8,31
07/05/2017,68,1003.92554,6,49,38,22,1.2,22
07/06/2017,38,519.2081,5,28,26,9,0.5,23
07/07/2017,47,1662.8867,3,47,31,8,0.4,22
07/08/2017,50,1935.2377,7,50,35,10,1.5,26
07/09/2017,42,2138.6309,5,42,54,13,1.1,18
07/10/2017,54,2314.9956,6,54,57,20,0.9,25
07/11/2017,57,1849.2578,5,45,54,24,1.6,24
07/12/2017,54,1849.6929,7,47,55,20,2.1,30
07/13/2017,55,2100.3994,7,51,50,24,1,40
07/14/2017,61,2009.5251,6,61,39,19,1.9,28
07/15/2017,48,2305.5872,7,48,33,14,0.7,19
07/16/2017,47,1990.491,3,47,52,10,1.2,13
07/17/2017,52,1886.6191,6,50,50,17,1.7,26
07/18/2017,64,1703.5109,6,64,56,16,1.1,29
07/19/2017,119,2086.5317,6,119,68,23,1.1,24
07/20/2017,101,2419.248,6,101,64,28,1.6,25
07/21/2017,93,2057.7087,6,93,46,24,1.6,22
07/22/2017,61,1959.4926,6,61,33,8,1.2,22
07/23/2017,44,895.2679,5,44,32,2,0.8,24
07/24/2017,50,1789.4364,5,50,25,6,0.8,22
07/25/2017,33,1320.9795,3,33,31,4,1.2,13
07/26/2017,54,1549.4977,5,54,50,8,3.5,19
07/27/2017,54,1582.1277,6,54,55,10,0.8,18
07/28/2017,55,284.4359,7,43,26,9,0.4,22
07/29/2017,36,1065.5417,3,36,25,7,0.6,7
07/30/2017,38,1876.0687,6,38,48,8,1,26
07/31/2017,48,1805.3163,9,39,55,11,1.6,24
08/01/2017,55,2009.0356,7,51,56,12,1.7,29
08/02/2017,61,1987.7175,8,61,54,0,1.4,30
08/03/2017,77,1625.2535,6,77,56,0,1.3,26
08/04/2017,61,1868.5095,7,61,25,13,1.5,23
08/05/2017,33,1907.1216,3,33,33,5,1,8
08/06/2017,44,1815.9753,3,44,34,5,1.1,14
08/07/2017,34,493.15857,5,24,39,0,1.2,20
08/08/2017,39,1379.4958,7,37,50,10,0.6,27
08/09/2017,71,2086.858,9,71,52,9,0.8,31
08/10/2017,54,1887.8699,8,54,35,10,0.8,30
08/11/2017,35,903.371,6,33,32,4,1.2,25
08/12/2017,39,935.4571,6,39,38,0,0.5,17
08/13/2017,45,1661.092,6,45,61,6,0.8,23
08/14/2017,61,990.54724,8,38,51,19,2,26
08/15/2017,51,445.46448,7,26,54,0,0.6,22
08/16/2017,64,1581.5294,7,64,63,11,1.2,19
08/17/2017,63,1223.6335,7,47,52,19,1.5,21
08/18/2017,52,1073.6448,6,34,35,11,1.3,17
08/19/2017,48,1710.9614,5,48,38,0,0.9,19
08/20/2017,46,1434.8579,5,46,55,2,0.8,17
08/21/2017,55,1357.3618,6,45,59,6,1.6,27
08/22/2017,67,1815.8666,6,67,33,9,1,17
08/23/2017,45,1541.6122,3,45,47,1,1.6,27
08/24/2017,47,1997.3433,7,45,47,10,0.6,31
08/25/2017,47,1701.6075,7,44,44,8,0.6,25
08/26/2017,44,1669.5214,6,44,48,11,1.7,24
08/27/2017,48,1860.7871,7,45,47,14,1.2,24
08/28/2017,47,1880.8002,6,37,32,18,0.7,24
08/29/2017,32,1044.6041,5,19,38,2,2,16
08/30/2017,44,1368.456,6,44,45,8,1.1,29
08/31/2017,51,1843.4933,7,51,41,9,1.6,39
05/01/2018,90,1649.4866,9,90,57,23,2.3,42
05/02/2018,97,2619.65,8,97,62,29,1.5,42
05/03/2018,64,2030.439,6,64,65,33,0.9,46
05/04/2018,80,2359.439,6,80,36,43,0.9,76
05/05/2018,48,1094.8503,6,48,56,14,1,47
05/06/2018,56,825.1854,3,40,48,18,2.7,32
05/07/2018,73,1764.3755,6,71,43,17,1.5,73
05/08/2018,85,1578.4913,6,51,49,17,0.9,85
05/09/2018,77,2216.3682,6,77,52,18,1.1,35
05/10/2018,52,1866.344,6,46,54,22,0.9,23
05/11/2018,64,1968.1323,7,64,65,22,2.4,33
05/12/2018,71,2212.9468,7,71,51,40,1.6,20
05/13/2018,51,569.7016,6,31,56,19,0.7,12
05/14/2018,56,969.4719,6,42,52,18,1,19
05/15/2018,52,1819.209,5,46,40,20,1,23
05/16/2018,40,511.7619,6,33,28,0,0.6,25
05/17/2018,28,443.33276,6,22,22,0,1.4,20
05/18/2018,30,759.81757,5,30,32,-1,0.9,17
05/19/2018,32,660.23517,5,24,40,1,1.2,17
05/20/2018,44,1797.3746,7,44,42,8,0,27
05/21/2018,58,1322.0621,8,58,45,8,0,26
05/22/2018,45,680.0886,6,33,40,7,1.2,26
05/23/2018,45,1674.4723,6,45,49,7,1.1,27
05/24/2018,90,1691.5796,8,90,59,13,0.7,31
05/25/2018,61,1661.7769,7,61,53,17,1.3,29
05/26/2018,53,1608.6091,5,44,40,7,0.9,15
05/27/2018,44,1096.696,5,44,45,1,1.8,11
05/28/2018,45,368.19568,6,21,71,4,0.9,8
05/29/2018,71,925.218,6,35,28,15,1.5,17
05/30/2018,28,939.48914,6,24,40,3,0.5,14
05/31/2018,40,664.0168,6,30,32,2,0.9,17
06/01/2018,64,1442.8485,6,64,43,1,0.5,25
06/02/2018,46,663.2514,6,46,28,2,1.1,12
06/03/2018,35,781.42676,5,35,29,0,0.9,9
06/04/2018,40,1903.1697,3,40,37,0,1.4,12
06/05/2018,54,2150.19,7,54,31,0,1.2,25
06/06/2018,38,1357.8523,3,38,40,0,0.7,12
06/07/2018,51,1142.2555,5,51,51,0,4.6,18
06/08/2018,84,1382.2977,8,84,61,0,1.3,27
06/09/2018,77,904.014,8,77,49,19,1.4,19
06/10/2018,49,674.2361,5,42,34,14,1.3,11
06/11/2018,34,627.101,5,32,40,8,0.9,18
06/12/2018,41,1442.4884,6,41,50,21,1.2,23
06/13/2018,50,1133.882,5,39,31,16,2.9,20
06/14/2018,48,2003.5625,5,48,31,17,0.9,11
06/15/2018,49,2344.1326,6,49,47,17,1.7,28
06/16/2018,87,1907.3564,9,87,56,20,1.1,40
06/17/2018,90,1185.654,8,90,68,21,3.2,34
06/18/2018,108,1487.0123,7,108,54,28,0.6,32
06/19/2018,54,1561.204,5,45,38,16,0.9,24
06/20/2018,49,996.7085,6,49,37,16,3.7,27
06/21/2018,44,776.3396,6,44,41,12,4.4,20
06/22/2018,41,959.7928,6,40,31,11,1.5,26
06/23/2018,37,665.5924,6,37,38,7,1.5,23
06/24/2018,42,1754.6514,8,42,34,13,0.9,20
06/25/2018,37,1780.3574,5,37,35,13,0.7,25
06/26/2018,47,1654.8889,6,47,38,19,0.9,26
06/27/2018,49,849.85596,5,32,35,19,1.3,49
06/28/2018,49,1408.724,3,49,45,12,1.3,14
06/29/2018,77,2020.4897,6,77,57,14,0.9,31
06/30/2018,122,1650.8372,9,122,63,19,1.4,33
07/01/2018,97,1401.8811,7,97,65,20,0.8,18
07/02/2018,80,1776.7108,6,80,70,24,1.9,22
07/03/2018,119,1546.6628,6,119,84,26,0.9,24
07/04/2018,84,1443.884,5,46,32,37,3.6,12
07/05/2018,32,1564.8055,5,30,38,14,0.7,13
07/06/2018,43,1098.7219,5,43,26,13,0.6,20
07/07/2018,67,1601.5862,3,67,38,16,1.1,15
07/08/2018,67,1485.6168,5,67,40,13,1,22
07/09/2018,164,1612.5709,7,164,47,19,1.1,36
07/10/2018,105,2075.8184,5,105,51,22,1.4,31
07/11/2018,77,2413.8672,3,77,47,20,0.5,16
07/12/2018,71,2462.758,6,71,46,0,0.6,22
07/13/2018,48,2254.0942,6,48,35,33,1.8,28
07/14/2018,67,1847.7961,6,67,56,19,1.3,25
07/15/2018,64,787.9996,5,64,63,16,1.4,21
07/16/2018,101,2051.0576,7,101,54,23,1.2,25
07/17/2018,54,496.2303,5,48,31,19,1.1,19
07/18/2018,40,2540.641,3,40,36,14,0.8,21
07/19/2018,84,2122.8184,5,84,43,19,0.8,27
07/20/2018,84,2021.0299,6,84,22,19,1,33
07/21/2018,31,831.6682,5,31,18,6,1.1,14
07/22/2018,38,648.93536,3,38,42,6,1,10
07/23/2018,42,927.6941,5,34,28,14,0.6,16
07/24/2018,28,739.15375,3,26,45,9,0.2,17
07/25/2018,45,599.9094,5,37,52,12,-0.2,18
07/26/2018,52,1492.7748,6,51,53,14,0.8,27
07/27/2018,71,1752.8057,7,71,34,17,1.6,22
07/28/2018,47,1852.7932,7,47,38,14,1.3,31
07/29/2018,64,1683.3411,9,64,45,14,0.6,25
07/30/2018,45,859.1749,6,40,26,18,0.9,26
07/31/2018,33,820.14325,5,33,27,10,0.4,26
08/01/2018,39,1379.6866,5,39,26,11,0.9,18
08/02/2018,26,1178.9912,6,21,25,10,0.8,21
08/03/2018,25,646.4593,5,22,32,12,0.1,14
08/04/2018,45,1197.404,8,45,52,10,0.8,25
08/05/2018,52,1539.2346,10,50,58,18,0.7,21
08/06/2018,71,1577.1858,7,71,57,21,0,28
08/07/2018,61,1454.4635,6,61,45,20,2.4,25
08/08/2018,50,1081.2996,7,50,38,17,1.1,29
08/09/2018,50,1745.1523,5,50,52,12,1,27
08/10/2018,93,1768.2021,7,93,54,18,1.9,31
08/11/2018,54,1533.2921,8,48,54,18,1.2,28
08/12/2018,54,1074.7717,5,42,39,15,0.3,15
08/13/2018,48,1259.8456,5,48,33,13,0.4,17
08/14/2018,43,1636.2059,3,43,54,13,1.8,18
08/15/2018,54,1638.0518,7,51,61,21,1,30
08/16/2018,80,1674.4272,8,80,66,25,1.4,25
08/17/2018,66,1674.2021,6,48,36,31,0.5,22
08/18/2018,45,1250.5266,5,45,28,12,1.1,22
08/19/2018,34,1005.66736,5,34,30,9,0.6,8
08/20/2018,30,593.60675,5,28,24,15,1.6,17
08/21/2018,32,464.62683,5,32,48,9,0.8,19
08/22/2018,48,1241.3428,5,44,38,18,0.5,22
08/23/2018,38,2047.141,7,33,45,14,0.7,26
08/24/2018,47,1995.2789,10,47,42,16,0.3,35
08/25/2018,51,1664.6581,9,51,47,16,0.3,25
08/26/2018,51,1139.3292,8,51,72,21,1.3,21
08/27/2018,72,1081.7047,8,64,72,27,2.2,26
08/28/2018,77,1731.8717,7,77,62,26,0.8,25
08/29/2018,74,1907.2664,7,74,38,24,0.5,23
08/30/2018,48,1507.226,6,48,39,14,1.4,23
08/31/2018,51,826.3109,6,51,34,16,1.4,24
05/01/2019,44,516.7567,5,43,55,22,1.2,23
05/02/2019,55,2379.5332,6,41,54,21,1.5,22
05/03/2019,54,1120.433,6,31,74,21,1,24
05/04/2019,74,1049.73,6,34,36,21,1.1,14
05/05/2019,36,557.98425,6,27,17,8,1.2,11
05/06/2019,44,1550.9534,5,44,32,9,0.7,25
05/07/2019,45,1734.9137,5,45,44,16,1.3,22
05/08/2019,44,628.63983,6,38,28,19,0.8,24
05/09/2019,38,948.69867,5,38,25,17,1.3,24
05/10/2019,36,1361.259,6,36,29,13,0.7,18
05/11/2019,35,705.7876,6,35,9,16,1.1,15
05/12/2019,37,530.07275,5,37,13,3,0.8,9
05/13/2019,31,536.7544,6,31,15,6,1.1,21
05/14/2019,38,1848.5028,7,38,23,11,1.3,19
05/15/2019,46,2714.6616,6,46,59,16,0.8,38
05/16/2019,59,2557.8071,8,54,51,21,1.8,33
05/17/2019,51,1127.1621,6,51,64,20,1.3,25
05/18/2019,87,1196.0168,8,87,57,23,1.2,26
05/19/2019,57,1687.4309,5,51,46,22,0.4,12
05/20/2019,46,2613.725,5,46,20,20,1.7,15
05/21/2019,41,1486.8846,2,41,27,13,1.4,11
05/22/2019,43,1183.2222,5,43,50,16,1.5,22
05/23/2019,50,1612.1787,6,46,65,24,2.3,21
05/24/2019,65,1773.1559,6,54,39,19,1.3,28
05/25/2019,47,1226.8665,7,47,58,16,0.4,24
05/26/2019,58,2032.9845,6,48,52,16,0.6,19
05/27/2019,52,1702.8794,5,47,54,10,0.7,26
05/28/2019,54,2048.907,6,42,54,21,1,24
05/29/2019,54,2358.1611,7,44,34,25,1.1,23
05/30/2019,46,2290.8228,5,46,37,13,0.9,26
05/31/2019,58,2077.3872,6,58,49,15,1.8,26
06/01/2019,90,2224.0056,6,90,57,20,1.1,18
06/02/2019,61,2332.5244,6,61,22,21,0.8,18
06/03/2019,43,2279.7815,5,43,28,16,1.7,23
06/04/2019,49,1996.6853,6,49,58,15,1.3,21
06/05/2019,58,1599.2892,5,47,55,25,2.1,29
06/06/2019,67,1861.2976,5,67,47,18,1.3,29
06/07/2019,61,1216.6306,6,61,37,16,1.1,26
06/08/2019,64,1660.5619,6,64,26,16,1.5,19
06/09/2019,37,1136.5449,3,37,23,15,1.3,8
06/10/2019,26,601.72345,5,26,13,6,0.7,17
06/11/2019,41,2041.9883,6,41,30,10,0.7,28
06/12/2019,44,1835.6133,8,44,21,16,1.5,27
06/13/2019,39,1489.7754,5,39,18,6,1.6,22
06/14/2019,38,2362.7578,6,38,32,11,1.3,28
06/15/2019,50,1821.8234,7,50,52,0,1.5,26
06/16/2019,52,1993.7472,6,47,46,20,1,18
06/17/2019,61,2274.853,6,61,38,0,1.2,19
06/18/2019,38,904.34344,5,37,36,0,1,19
06/19/2019,43,1260.512,6,43,36,12,0.6,16
06/20/2019,44,2265.6597,5,44,17,12,0.5,19
06/21/2019,43,2347.9253,5,43,18,10,0.5,13
06/22/2019,40,2553.9688,6,40,32,10,1.5,25
06/23/2019,44,2191.5923,10,44,45,10,1,22
06/24/2019,51,1796.5656,6,51,34,15,2.1,23
06/25/2019,49,2402.8955,6,49,34,12,1.5,15
06/26/2019,87,2492.9329,5,87,43,13,1.5,29
06/27/2019,108,2527.147,7,108,54,18,1,29
06/28/2019,100,2443.8389,8,100,44,17,1.5,27
06/29/2019,67,2727.2192,9,67,27,14,1,25
06/30/2019,45,2858.3894,3,45,23,10,0.6,8
07/01/2019,49,2170.9785,5,49,48,12,1.7,23
07/02/2019,84,2328.8281,6,84,38,21,1.3,26
07/03/2019,71,1854.8054,6,71,157,14,0.9,23
07/04/2019,157,498.65442,7,51,62,46,1.5,25
07/05/2019,62,1356.5676,7,58,55,19,0.8,16
07/06/2019,55,1710.5563,7,46,32,15,1,14
07/07/2019,47,938.93677,5,47,40,10,1.1,15
07/08/2019,40,914.43713,5,32,49,11,0.5,17
07/09/2019,80,1474.7059,8,80,46,16,1.8,25
07/10/2019,50,1423.1003,6,50,39,15,0.9,23
07/11/2019,39,1110.908,5,39,33,12,0.8,20
07/12/2019,61,1715.4373,5,61,51,12,1.1,15
07/13/2019,87,1696.9559,7,87,48,14,1.8,25
07/14/2019,64,2407.729,9,64,43,18,0.8,26
07/15/2019,71,2260.447,5,71,56,19,2.5,19
07/16/2019,101,2336.1733,6,101,56,24,2,26
07/17/2019,56,2475.3994,6,45,53,29,1.3,20
07/18/2019,53,1502.191,6,41,50,15,0,24
07/19/2019,50,2054.2144,7,48,55,17,1.8,22
07/20/2019,55,2538.615,8,47,54,21,0,20
07/21/2019,54,2224.1953,6,44,31,19,0,15
07/22/2019,50,2318.2605,6,50,25,14,0,23
07/23/2019,31,741.18646,3,31,35,11,0.9,9
07/24/2019,43,1882.8118,6,43,39,12,1.8,24
07/25/2019,47,2236.99,9,47,60,16,2.5,31
07/26/2019,74,2432.4658,11,74,52,20,1.6,29
07/27/2019,80,2374.6523,7,80,50,21,3.1,28
07/28/2019,77,2406.4023,6,77,56,18,2,22
07/29/2019,87,2392.3281,6,87,56,22,2.1,22
07/30/2019,105,3116.4175,6,105,37,24,2.9,24
07/31/2019,51,1278.4247,6,51,40,16,3,26
08/01/2019,93,2177.6602,6,93,33,20,2.3,24
08/02/2019,71,1674.9204,6,71,40,13,0.8,21
08/03/2019,77,1797.229,6,77,40,14,1.9,16
08/04/2019,71,2352.8064,5,71,55,15,0.7,23
08/05/2019,87,1803.2473,6,87,49,21,3.6,25
08/06/2019,119,2274.237,6,119,53,19,3.6,27
08/07/2019,54,2572.4026,6,54,38,17,2.6,23
08/08/2019,58,2610.7395,6,58,35,15,1.6,25
08/09/2019,50,2682.817,3,50,28,13,1.2,19
08/10/2019,47,2573.54,3,47,24,16,1.3,26
08/11/2019,40,2353.4697,6,40,51,12,1.7,25
08/12/2019,80,2159.321,8,80,57,24,1.5,25
08/13/2019,57,633.8999,6,47,53,22,1.2,19
08/14/2019,53,1171.612,6,51,56,21,1.8,19
08/15/2019,56,853.9226,3,48,45,21,1.9,25
08/16/2019,47,1292.878,7,47,46,22,1.8,21
08/17/2019,58,1585.0728,8,58,45,16,1.7,20
08/18/2019,47,1817.4636,8,47,43,16,0,17
08/19/2019,71,2268.598,6,71,35,17,0,21
08/20/2019,84,1712.4991,5,84,33,17,0,20
08/21/2019,42,1847.9816,6,42,43,15,0,22
08/22/2019,80,1940.72,7,80,34,16,0.9,22
08/23/2019,34,635.65326,5,25,28,12,0.9,13
08/24/2019,34,2214.291,6,34,26,11,1.2,18
08/25/2019,33,1668.9021,6,33,26,13,1,14
08/26/2019,30,1168.6266,5,30,36,20,0.9,17
08/27/2019,36,596.22644,6,35,28,22,1.7,22
08/28/2019,33,959.59796,5,33,30,16,1.1,20
08/29/2019,47,2007.0632,7,47,41,19,1.2,30
08/30/2019,77,2174.343,9,77,45,23,2.6,28
08/31/2019,90,1970.6692,7,90,35,21,1.5,25
05/01/2020,36,1727.9636,3,36,19,8,0.6,19
05/02/2020,45,1659.9753,5,45,37,9,0.3,13
05/03/2020,41,1091.7184,6,41,15,14,0.3,13
05/04/2020,43,2391.1687,5,43,18,19,1.8,8
05/05/2020,34,1066.6512,5,34,17,11,1.2,17
05/06/2020,34,1447.4161,3,34,17,8,1.2,19
05/07/2020,48,2890.8748,6,48,23,13,1.2,31
05/08/2020,44,2069.3884,7,44,13,17,1.5,31
05/09/2020,36,2458.236,3,36,20,0,0.5,20
05/10/2020,44,1911.6189,5,44,14,0,1.1,21
05/11/2020,34,2045.4978,5,34,14,0,1.2,25
05/12/2020,43,2378.0725,3,43,36,12,1.1,28
05/13/2020,51,2767.5342,7,51,49,18,1.2,30
05/14/2020,49,1005.2623,6,43,46,23,1.5,25
05/15/2020,48,1885.3239,8,48,31,25,1.1,16
05/16/2020,48,1860.3591,9,48,24,14,1.4,19
05/17/2020,37,957.12317,9,37,28,12,1.2,9
05/18/2020,38,903.7659,8,38,29,19,1.4,16
05/19/2020,42,1679.2106,7,42,28,26,1.5,23
05/20/2020,36,1314.0999,7,36,38,20,1.9,16
05/21/2020,38,1064.9631,8,37,41,31,1.1,15
05/22/2020,41,456.49634,8,31,40,0,0.8,14
05/23/2020,42,1672.6112,9,42,30,0,1,25
05/24/2020,30,712.79517,10,29,28,10,1.6,10
05/25/2020,39,1010.73615,10,39,36,12,0.7,20
05/26/2020,36,1100.4663,11,34,25,13,2.1,18
05/27/2020,30,1024.0371,8,30,27,9,1.5,11
05/28/2020,27,675.70605,8,20,45,10,1.9,6
05/29/2020,45,1152.4934,8,36,28,15,1.7,7
05/30/2020,48,2679.3386,7,48,34,12,1.4,11
05/31/2020,40,2743.6948,6,40,30,11,1.9,6
06/01/2020,44,2711.2097,8,44,36,0,1.3,18
06/02/2020,44,1083.6868,9,44,91,0,1.7,24
06/03/2020,91,2281.9478,10,74,56,0,1.1,29
06/04/2020,74,2343.5413,9,74,35,0,1.2,30
06/05/2020,40,1782.1904,8,40,40,0,0.9,17
06/06/2020,54,2118.8577,9,54,28,0,0.8,19
06/07/2020,44,2412.0923,9,44,34,0,0.9,25
06/08/2020,50,1840.6635,11,50,59,0,0.6,23
06/09/2020,67,1838.9752,9,67,53,0,2,27
06/10/2020,53,1510.084,9,34,35,0,1.7,12
06/11/2020,42,1595.9263,7,42,24,0,2.1,16
06/12/2020,61,3038.0034,6,61,19,0,1.2,11
06/13/2020,44,2484.224,7,44,24,0,1.7,19
06/14/2020,46,1906.145,8,46,42,0,1.6,19
06/15/2020,44,1887.4214,8,44,30,0,1.2,14
06/16/2020,44,1631.941,7,44,25,18,2.6,15
06/17/2020,25,986.33405,7,23,27,9,1.1,14
06/18/2020,35,1309.3422,5,35,40,11,1.7,23
06/19/2020,40,1528.0914,5,34,33,12,3.9,19
06/20/2020,33,633.44995,6,31,33,11,1.9,14
06/21/2020,38,1310.2119,6,38,40,9,0.5,10
06/22/2020,44,1423.0652,5,44,45,14,2,17
06/23/2020,45,1451.1506,5,45,25,16,1.3,19
06/24/2020,51,2699.29,5,51,38,11,1.1,18
06/25/2020,50,1961.1904,6,50,33,16,1.8,26
06/26/2020,64,2320.162,5,64,53,15,1.4,20
06/27/2020,53,1821.7352,7,45,43,19,2.1,20
06/28/2020,43,1432.5804,8,38,43,14,2.4,15
06/29/2020,43,2367.9434,6,40,39,14,0.7,27
06/30/2020,46,2323.8457,8,46,41,19,1.3,24
07/01/2020,51,1563.6459,6,51,46,20,1.2,23
07/02/2020,46,1966.5107,7,44,55,15,1.2,25
07/03/2020,55,2355.0005,6,48,166,21,1,23
07/04/2020,166,1949.4242,8,45,66,38,4.4,29
07/05/2020,66,1439.2821,8,45,55,22,2.4,13
07/06/2020,55,2045.6514,5,48,53,20,0,16
07/07/2020,53,1208.7155,5,50,52,16,0,18
07/08/2020,52,1639.8705,5,42,36,17,3.2,16
07/09/2020,36,1531.8259,5,33,22,14,1.5,17
07/10/2020,31,1433.9617,5,31,26,10,1.7,18
07/11/2020,44,2352.8518,5,44,29,8,1,12
07/12/2020,46,2094.0464,3,46,36,11,2.1,22
07/13/2020,44,2198.6633,3,44,28,13,2.1,19
07/14/2020,44,2546.4316,5,44,43,12,1.1,27
07/15/2020,77,2215.4429,6,77,41,15,0.7,21
07/16/2020,41,1549.066,5,41,49,19,0.7,17
07/17/2020,54,2278.0085,6,54,46,14,1,19
07/18/2020,87,2760.8325,7,87,54,13,4.2,18
07/19/2020,61,2558.607,6,61,46,16,1.7,22
07/20/2020,49,2462.4822,6,49,40,15,1.5,20
07/21/2020,100,2337.8628,5,100,46,16,1.8,22
07/22/2020,50,1709.24,5,50,33,10,1.6,15
07/23/2020,67,1668.7233,5,67,30,11,1.4,23
07/24/2020,43,684.40283,3,43,38,6,1.2,18
07/25/2020,64,1231.3782,5,64,50,12,0.7,13
07/26/2020,51,2504.4314,6,51,54,15,1.1,20
07/27/2020,54,2427.0813,7,50,33,18,1.5,21
07/28/2020,42,1749.9102,5,42,31,11,2.4,18
07/29/2020,84,2257.392,5,84,40,13,2,33
07/30/2020,77,2177.791,6,77,29,16,1.1,17
07/31/2020,38,411.42664,7,38,38,6,0.4,14
08/01/2020,46,900.3384,7,46,48,13,0.8,11
08/02/2020,48,1972.8031,7,34,24,20,0.4,8
08/03/2020,48,1484.71,6,48,21,10,0.4,15
08/04/2020,31,1480.5662,5,31,38,6,1.4,18
08/05/2020,51,1710.3655,6,51,40,12,1.2,19
08/06/2020,47,1085.8353,7,47,25,10,1.1,23
08/07/2020,40,1066.1396,5,40,27,6,0.6,18
08/08/2020,47,1060.6147,6,47,38,10,1.2,20
08/09/2020,43,1264.6818,8,43,53,12,1.8,16
08/10/2020,58,1729.9587,6,58,56,15,2.2,33
08/11/2020,56,1480.1569,6,45,43,19,2.4,23
08/12/2020,50,1404.6486,6,50,33,14,1,25
08/13/2020,41,451.73877,5,41,40,9,2.3,20
08/14/2020,40,1039.947,3,40,52,14,0.8,12
08/15/2020,52,702.46136,5,34,27,20,1.1,15
08/16/2020,31,603.9321,6,31,38,8,0.8,16
08/17/2020,41,1306.0681,8,41,36,10,1.1,21
08/18/2020,46,1939.3973,6,46,33,16,0.9,25
08/19/2020,43,1283.303,8,43,37,13,1.8,21
08/20/2020,49,1173.8772,6,49,41,17,1.3,24
08/21/2020,44,1091.8718,6,44,33,15,2.5,22
08/22/2020,36,641.22595,6,36,26,9,1.8,20
08/23/2020,43,1008.741,6,43,38,9,0.8,15
08/24/2020,44,1117.3483,5,44,49,11,1.9,18
08/25/2020,49,2043.3492,5,46,32,19,1.4,18
08/26/2020,40,2115.6348,5,40,37,18,1.2,10
08/27/2020,37,2077.983,5,36,46,16,0.7,15
08/28/2020,46,1518.0646,3,33,27,19,1,15
08/29/2020,31,893.0229,3,31,22,6,0.5,9
08/30/2020,37,1984.0577,6,37,32,12,0.4,24
08/31/2020,32,728.654,8,26,30,12,0.6,23
05/01/2021,45,2157.6318,5,45,37,18,1.1,24
05/02/2021,58,1776.7605,6,58,46,20,1.3,20
05/03/2021,46,1146.9631,5,41,33,23,1,25
05/04/2021,41,1575.7124,6,41,33,23,1,22
05/05/2021,39,1634.6918,5,39,25,24,1.1,19
05/06/2021,38,2054.198,7,38,33,14,1.4,33
05/07/2021,38,1949.248,9,38,19,17,1.6,26
05/08/2021,41,2434.4824,5,41,28,16,0.9,25
05/09/2021,40,1455.6509,6,40,18,19,1.1,27
05/10/2021,44,1662.812,3,44,28,16,1.2,22
05/11/2021,47,2490.1853,5,47,21,16,1.1,33
05/12/2021,36,2197.9785,6,36,33,15,0,36
05/13/2021,44,2683.4575,8,44,44,18,0,40
05/14/2021,45,2551.7566,8,45,40,20,1.4,41
05/15/2021,67,3215.8853,9,67,34,18,1.5,39
05/16/2021,46,2131.0767,6,46,45,19,1.8,23
05/17/2021,49,2084.8613,5,49,47,27,1.5,27
05/18/2021,80,2526.277,7,80,52,24,1.6,36
05/19/2021,101,2508.2312,8,101,52,25,1.6,48
05/20/2021,140,2372.618,9,140,41,28,2.2,44
05/21/2021,84,1409.3868,5,84,52,28,3.2,30
05/22/2021,80,2479.035,6,80,52,29,2.4,31
05/23/2021,61,2330.2173,2,61,30,30,2.1,6
05/24/2021,30,708.3839,5,27,43,24,1.9,15
05/25/2021,43,1197.7263,5,38,58,29,1.4,25
05/26/2021,74,2807.2847,5,74,40,32,0.7,23
05/27/2021,49,2592.0054,6,49,42,19,0.3,39
05/28/2021,42,944.9369,7,41,8,22,0.3,24
05/29/2021,29,680.06793,2,29,14,8,1.7,10
05/30/2021,24,783.99084,2,24,33,11,1.7,7
05/31/2021,41,1795.4421,8,41,35,18,2,34
06/01/2021,41,1725.068,10,41,45,19,1.3,28
06/02/2021,45,1547.152,5,45,33,16,1.5,29
06/03/2021,33,1389.5315,3,32,32,15,1.4,20
06/04/2021,46,1775.1466,5,46,52,15,1.6,25
06/05/2021,105,2222.0886,7,105,58,27,1.7,26
06/06/2021,77,2180.666,7,77,54,21,1.5,24
06/07/2021,54,1511.109,6,37,51,19,1.8,16
06/08/2021,51,1171.8068,6,49,59,19,1.6,14
06/09/2021,59,943.6654,6,45,42,18,1.5,19
06/10/2021,48,1276.3165,5,48,28,15,1.5,19
06/11/2021,28,499.80444,5,26,37,8,1.3,22
06/12/2021,44,801.1076,6,44,32,18,1.5,16
06/13/2021,35,991.4944,6,35,42,15,1.6,11
06/14/2021,54,1727.6599,5,54,34,17,1.7,20
06/15/2021,40,1688.047,3,40,25,14,1.7,11
06/16/2021,48,2327.0386,2,48,28,17,1.7,18
06/17/2021,54,2014.4384,7,54,44,16,2.3,41
06/18/2021,77,2047.5469,9,77,60,21,1.8,34
06/19/2021,60,1320.4288,7,47,58,22,1.7,32
06/20/2021,58,1625.6443,9,46,45,20,1.7,24
06/21/2021,45,2110.9277,3,35,29,17,1.3,17
06/22/2021,29,1491.2537,5,27,26,12,1.3,23
06/23/2021,44,2447.589,6,44,40,13,1.3,31
06/24/2021,48,1898.6315,7,48,27,19,1.3,30
06/25/2021,44,1306.8821,5,44,35,20,1.2,22
06/26/2021,35,1495.704,3,24,43,11,1.5,10
06/27/2021,43,1600.605,5,21,43,19,3.1,8
06/28/2021,43,1651.8085,5,34,43,19,2.7,12
06/29/2021,43,1941.9124,5,39,40,18,1.4,13
06/30/2021,45,2453.6533,3,45,30,18,1.6,21
07/01/2021,41,1065.4875,5,41,32,11,1.5,17
07/02/2021,36,1782.629,5,36,23,11,1.5,23
07/03/2021,34,1707.6089,3,34,153,6,6.5,17
07/04/2021,153,1668.485,7,45,119,47,2.5,25
07/05/2021,119,1913.4008,9,45,67,48,1.6,26
07/06/2021,67,1889.3884,6,61,73,23,1.5,22
07/07/2021,73,2055.9097,6,58,57,27,1.7,21
07/08/2021,57,1037.6606,6,31,35,17,1.4,21
07/09/2021,40,1501.2302,6,40,35,10,1.5,19
07/10/2021,38,1807.1793,6,38,52,9,1.3,21
07/11/2021,52,1714.5535,7,40,51,14,1.3,12
07/12/2021,51,1446.848,5,38,49,15,1.4,12
07/13/2021,49,2037.6193,5,39,40,17,1.3,13
07/14/2021,48,2387.1914,3,48,61,14,1.7,18
07/15/2021,77,1944.162,6,77,54,12,1.7,18
07/16/2021,67,2109.5095,6,67,57,17,1.7,26
07/17/2021,57,2071.6082,6,45,38,18,1.3,20
07/18/2021,40,1924.7957,3,40,71,9,1.5,19
07/19/2021,71,1958.051,6,45,88,27,1.7,20
07/20/2021,88,2071.657,6,71,91,35,1.7,24
07/21/2021,91,1923.9153,6,67,69,33,1.4,25
07/22/2021,69,2481.6758,7,38,48,14,1.7,31
07/23/2021,48,2523.9297,8,42,53,15,1.5,29
07/24/2021,53,1725.068,8,50,63,22,1.5,25
07/25/2021,63,1904.5001,6,44,58,20,1.6,14
07/26/2021,87,2301.119,5,87,61,17,2,26
07/27/2021,101,2343.0303,7,101,63,22,1.9,35
07/28/2021,112,2432.5264,9,112,69,24,1.6,35
07/29/2021,69,2263.022,6,61,59,22,1.6,27
07/30/2021,59,2423.1367,6,58,37,18,1.6,20
07/31/2021,45,2287.3765,6,45,62,16,1.4,15
08/01/2021,62,719.4364,6,44,56,15,1.9,10
08/02/2021,56,2160.5662,6,43,51,19,1.5,29
08/03/2021,51,1611.1685,8,44,47,18,1.6,29
08/04/2021,51,1903.8154,7,51,54,17,1.5,34
08/05/2021,90,2339.754,8,90,54,21,1.8,32
08/06/2021,77,1837.1091,6,77,45,22,1.6,27
08/07/2021,45,685.4475,6,41,38,12,1.4,21
08/08/2021,67,2101.1956,5,67,55,10,1.5,14
08/09/2021,55,1498.785,5,49,63,17,0.3,17
08/10/2021,63,1867.2346,5,50,47,20,0.3,20
08/11/2021,47,1942.597,6,44,47,14,0.5,24
08/12/2021,49,1994.9741,5,49,46,14,0.5,19
08/13/2021,49,2109.1182,5,49,44,13,0.5,20
08/14/2021,44,1637.8706,5,44,35,10,0,18
08/15/2021,47,1080.5013,6,47,44,14,0,21
08/16/2021,44,591.30554,6,31,35,12,0,27
08/17/2021,35,829.76587,5,24,32,11,0.3,18
08/18/2021,32,1093.9012,5,20,28,11,0.1,10
08/19/2021,35,1371.9257,5,35,27,6,0.2,17
08/20/2021,38,697.4781,6,38,36,5,0.5,23
08/21/2021,45,1236.5569,8,45,42,9,0.4,24
08/22/2021,42,772.44934,8,40,56,11,0.7,24
08/23/2021,56,1495.7529,6,46,57,17,0.9,26
08/24/2021,74,1436.529,8,74,64,19,0.6,35
08/25/2021,122,1499.7631,10,122,57,25,2.2,32
08/26/2021,67,1222.3256,9,67,55,22,0.7,35
08/27/2021,55,1613.9071,11,45,54,20,0.8,24
08/28/2021,58,1082.9465,6,58,53,16,1.2,13
08/29/2021,53,792.9405,7,47,46,15,0.3,18
08/30/2021,46,1405.2299,7,44,48,14,0.5,22
08/31/2021,48,751.17566,8,46,40,16,0.6,23
05/01/2022,43,,6,41,52,0,1.1,22
05/02/2022,61,,6,61,55,0,1.3,42
05/03/2022,55,,6,35,43,0,1.2,39
05/04/2022,43,,6,33,28,0,1.1,23
05/05/2022,31,,6,31,28,0,1.2,19
05/06/2022,42,,6,42,8,0,1.4,18
05/07/2022,42,,3,42,26,0,1.2,14
05/08/2022,44,,8,44,35,0,1.1,31
05/09/2022,58,,9,58,28,0,1,42
05/10/2022,67,,9,67,44,0,1.1,37
05/11/2022,48,,6,48,34,0,1.3,39
05/12/2022,34,,6,32,28,0,1.4,32
05/13/2022,28,,6,20,24,0,1.4,17
05/14/2022,24,,6,20,28,0,1.7,12
05/15/2022,40,,6,40,34,0,1.6,18
05/16/2022,44,,6,44,28,0,1.6,32
05/17/2022,67,,5,67,22,0,1.4,34
05/18/2022,44,,6,44,40,0,1.4,21
05/19/2022,49,,7,49,64,0,1.1,38
05/20/2022,71,,10,71,58,0,0.9,32
05/21/2022,74,,6,74,52,0,0.9,23
05/22/2022,52,,6,44,23,0,1,13
05/23/2022,38,,5,38,23,0,1.2,10
05/24/2022,30,,5,30,25,0,1.1,23
05/25/2022,33,,5,33,31,0,1.2,18
05/26/2022,31,,5,26,35,0,1.3,19
05/27/2022,35,,5,31,22,0,1.2,18
05/28/2022,37,,5,37,36,0,0,13
05/29/2022,51,,7,51,49,0,0,25
05/30/2022,54,,7,54,58,0,0,17
05/31/2022,58,,6,58,57,0,0,37