SITE_ID,DATE,AQI_TRUE
BEL116,01/01/2011,79
BEL116,01/02/2011,34
BEL116,01/03/2011,30
BEL116,01/04/2011,53
BEL116,01/05/2011,32
BEL116,01/06/2011,60
BEL116,01/07/2011,53
BEL116,01/08/2011,48
BEL116,01/09/2011,33
BEL116,01/10/2011,36
BEL116,01/11/2011,62
BEL116,01/12/2011,43
BEL116,01/13/2011,31
BEL116,01/14/2011,45
BEL116,01/15/2011,56
BEL116,01/16/2011,54
BEL116,01/17/2011,45
BEL116,01/18/2011,61
BEL116,01/19/2011,60
BEL116,01/20/2011,31
BEL116,01/21/2011,39
BEL116,01/22/2011,43
BEL116,01/23/2011,63
BEL116,01/24/2011,48
BEL116,01/25/2011,74
BEL116,01/26/2011,58
BEL116,01/27/2011,48
BEL116,01/29/2011,47
BEL116,01/30/2011,64
BEL116,02/01/2011,10
BEL116,02/02/2011,34
BEL116,02/03/2011,34
BEL116,02/04/2011,51
BEL116,02/05/2011,31
BEL116,02/06/2011,53
BEL116,02/07/2011,64
BEL116,02/08/2011,40
BEL116,02/09/2011,30
BEL116,02/10/2011,47
BEL116,02/11/2011,60
BEL116,02/12/2011,56
BEL116,02/13/2011,36
BEL116,02/14/2011,44
BEL116,02/15/2011,39
BEL116,02/16/2011,45
BEL116,02/17/2011,57
BEL116,02/18/2011,58
BEL116,02/19/2011,162
BEL122,02/20/2011,36
BEL116,02/21/2011,43
BEL116,02/22/2011,40
BEL116,02/23/2011,49
BEL116,02/24/2011,55
BEL116,02/25/2011,49
BEL116,02/26/2011,39
BEL116,02/27/2011,45
BEL116,02/28/2011,54
BEL116,03/01/2011,43
BEL116,03/02/2011,44
BEL116,03/03/2011,35
BEL116,03/04/2011,40
BEL116,03/05/2011,41
BEL116,03/06/2011,36
BEL116,03/07/2011,40
BEL116,03/08/2011,37
BEL116,03/09/2011,37
BEL116,03/10/2011,38
BEL116,03/11/2011,33
BEL116,03/12/2011,48
BEL116,03/13/2011,48
BEL116,03/14/2011,52
BEL116,03/15/2011,37
BEL116,03/16/2011,52
BEL116,03/17/2011,48
BEL116,03/18/2011,52
BEL116,03/19/2011,44
BEL116,03/20/2011,42
BEL116,03/21/2011,34
BEL116,03/22/2011,56
BEL116,03/23/2011,43
BEL116,03/24/2011,36
BEL116,03/25/2011,37
BEL116,03/26/2011,44
BEL116,03/27/2011,44
BEL116,03/28/2011,43
BEL116,03/29/2011,44
BEL116,03/30/2011,46
BEL116,03/31/2011,36
BEL116,04/01/2011,44
BEL116,04/02/2011,60
BEL116,04/03/2011,47
BEL116,04/04/2011,61
BEL116,04/05/2011,38
BEL116,04/06/2011,49
BEL116,04/07/2011,60
BEL116,04/08/2011,56
BEL116,04/09/2011,42
BEL116,04/10/2011,45
BEL116,04/11/2011,53
BEL116,04/12/2011,37
BEL116,04/13/2011,30
BEL116,04/14/2011,54
BEL116,04/15/2011,47
BEL116,04/16/2011,43
BEL116,04/17/2011,47
BEL116,04/18/2011,64
BEL116,04/19/2011,62
BEL116,04/20/2011,64
BEL116,04/21/2011,46
BEL116,04/22/2011,37
BEL116,04/23/2011,36
BEL116,04/24/2011,55
BEL116,04/25/2011,55
BEL116,04/26/2011,37
BEL116,04/27/2011,34
BEL116,04/28/2011,43
BEL116,04/29/2011,44
BEL116,04/30/2011,38
BEL116,05/01/2011,40
BEL116,05/02/2011,50
BEL116,05/03/2011,55
BEL116,05/04/2011,34
BEL116,05/05/2011,46
BEL116,05/06/2011,61
BEL116,05/07/2011,49
BEL116,05/08/2011,51
BEL116,05/09/2011,53
BEL116,05/10/2011,49
BEL116,05/11/2011,61
BEL116,05/12/2011,58
BEL116,05/13/2011,49
BEL116,05/14/2011,34
BEL116,05/15/2011,44
BEL116,05/16/2011,48
BEL116,05/17/2011,44
BEL116,05/18/2011,42
BEL116,05/19/2011,39
BEL116,05/20/2011,53
BEL116,05/21/2011,54
BEL116,05/22/2011,58
BEL116,05/23/2011,66
BEL116,05/24/2011,67
BEL116,05/25/2011,115
BEL116,05/26/2011,84
BEL116,05/27/2011,58
BEL116,05/28/2011,44
BEL116,05/29/2011,55
BEL116,05/30/2011,112
BEL116,05/31/2011,150
BEL116,06/01/2011,112
BEL116,06/02/2011,90
BEL116,06/03/2011,50
BEL116,06/04/2011,105
BEL116,06/05/2011,87
BEL116,06/06/2011,115
BEL116,06/07/2011,119
BEL116,06/08/2011,174
BEL116,06/09/2011,151
BEL116,06/10/2011,166
BEL116,06/11/2011,79
BEL116,06/12/2011,64
BEL116,06/13/2011,44
BEL116,06/14/2011,37
BEL116,06/15/2011,51
BEL116,06/16/2011,57
BEL116,06/17/2011,61
BEL116,06/18/2011,119
BEL116,06/19/2011,77
BEL116,06/20/2011,61
BEL116,06/21/2011,71
BEL116,06/22/2011,74
BEL116,06/23/2011,53
BEL116,06/24/2011,61
BEL116,06/25/2011,50
BEL116,06/26/2011,47
BEL116,06/27/2011,70
BEL116,06/28/2011,119
BEL116,06/29/2011,80
BEL116,06/30/2011,90
BEL116,07/01/2011,133
BEL116,07/02/2011,156
BEL116,07/03/2011,97
BEL116,07/04/2011,61
BEL116,07/05/2011,150
BEL116,07/06/2011,90
BEL116,07/07/2011,172
BEL116,07/08/2011,67
BEL116,07/09/2011,87
BEL116,07/10/2011,108
BEL116,07/11/2011,115
BEL116,07/12/2011,105
BEL116,07/13/2011,77
BEL116,07/14/2011,71
BEL116,07/15/2011,49
BEL116,07/16/2011,45
BEL116,07/17/2011,50
BEL116,07/18/2011,133
BEL116,07/19/2011,115
BEL116,07/20/2011,80
BEL116,07/21/2011,105
BEL116,07/22/2011,161
BEL116,07/23/2011,119
BEL116,07/24/2011,93
BEL116,07/25/2011,62
BEL116,07/26/2011,84
BEL116,07/27/2011,64
BEL116,07/28/2011,77
BEL116,07/29/2011,122
BEL116,07/30/2011,58
BEL116,07/31/2011,90
BEL116,08/01/2011,140
BEL116,08/02/2011,55
BEL116,08/03/2011,67
BEL116,08/04/2011,57
BEL116,08/05/2011,42
BEL116,08/06/2011,41
BEL116,08/07/2011,60
BEL116,08/08/2011,80
BEL116,08/09/2011,80
BEL116,08/10/2011,61
BEL116,08/11/2011,54
BEL116,08/12/2011,93
BEL116,08/13/2011,68
BEL116,08/14/2011,56
BEL116,08/15/2011,40
BEL116,08/16/2011,50
BEL116,08/17/2011,80
BEL116,08/18/2011,84
BEL116,08/19/2011,105
BEL116,08/20/2011,112
BEL116,08/21/2011,54
BEL116,08/22/2011,37
BEL116,08/23/2011,48
BEL116,08/24/2011,54
BEL116,08/25/2011,53
BEL116,08/26/2011,48
BEL116,08/27/2011,25
BEL116,08/28/2011,38
BEL116,08/29/2011,31
BEL116,08/30/2011,44
BEL116,08/31/2011,77
BEL116,09/01/2011,71
BEL116,09/02/2011,31
BEL116,09/03/2011,53
BEL116,09/04/2011,66
BEL116,09/05/2011,38
BEL116,09/06/2011,33
BEL116,09/07/2011,25
BEL116,09/08/2011,33
BEL116,09/09/2011,33
BEL116,09/10/2011,53
BEL116,09/11/2011,55
BEL116,09/12/2011,51
BEL116,09/13/2011,71
BEL116,09/14/2011,77
BEL116,09/15/2011,48
BEL116,09/16/2011,19
BEL116,09/17/2011,24
BEL116,09/18/2011,37
BEL116,09/19/2011,33
BEL116,09/20/2011,30
BEL116,09/21/2011,39
BEL116,09/22/2011,42
BEL116,09/23/2011,34
BEL116,09/24/2011,40
BEL116,09/25/2011,47
BEL116,09/26/2011,41
BEL116,09/27/2011,38
BEL116,09/28/2011,35
BEL116,09/29/2011,52
BEL116,09/30/2011,43
BEL116,10/01/2011,18
BEL116,10/02/2011,18
BEL116,10/03/2011,16
BEL116,10/04/2011,28
BEL116,10/05/2011,34
BEL116,10/06/2011,29
BEL116,10/07/2011,40
BEL116,10/08/2011,44
BEL116,10/09/2011,56
BEL116,10/10/2011,57
BEL116,10/11/2011,61
BEL116,10/12/2011,32
BEL116,10/13/2011,28
BEL116,10/14/2011,31
BEL116,10/15/2011,34
BEL116,10/16/2011,37
BEL116,10/17/2011,36
BEL116,10/18/2011,44
BEL116,10/19/2011,23
BEL116,10/20/2011,17
BEL116,10/21/2011,17
BEL116,10/22/2011,22
BEL116,10/23/2011,30
BEL116,10/24/2011,57
BEL116,10/25/2011,36
BEL116,10/26/2011,32
BEL116,10/27/2011,57
BEL116,10/28/2011,24
BEL116,10/29/2011,24
BEL116,10/30/2011,29
BEL116,10/31/2011,30
BEL116,11/01/2011,31
BEL116,11/02/2011,55
BEL116,11/03/2011,54
BEL116,11/04/2011,49
BEL116,11/05/2011,45
BEL116,11/06/2011,30
BEL116,11/07/2011,25
BEL116,11/08/2011,63
BEL116,11/09/2011,58
BEL116,11/10/2011,46
BEL116,11/11/2011,39
BEL116,11/12/2011,46
BEL116,11/13/2011,45
BEL116,11/14/2011,40
BEL116,11/15/2011,35
BEL116,11/16/2011,32
BEL116,11/17/2011,33
BEL116,11/18/2011,37
BEL116,11/19/2011,41
BEL116,11/20/2011,52
BEL116,11/21/2011,59
BEL116,11/22/2011,43
BEL116,11/23/2011,28
BEL116,11/24/2011,32
BEL116,11/25/2011,40
BEL116,11/26/2011,56
BEL116,11/27/2011,45
BEL116,11/28/2011,34
BEL116,11/29/2011,39
BEL116,11/30/2011,22
BEL116,12/01/2011,34
BEL116,12/02/2011,53
BEL116,12/03/2011,52
BEL116,12/04/2011,49
BEL116,12/05/2011,64
BEL116,12/06/2011,28
BEL116,12/07/2011,22
BEL116,12/08/2011,37
BEL116,12/09/2011,43
BEL116,12/10/2011,39
BEL116,12/11/2011,55
BEL116,12/12/2011,67
BEL116,12/13/2011,60
BEL116,12/14/2011,66
BEL116,12/15/2011,52
BEL116,12/16/2011,44
BEL116,12/17/2011,53
BEL116,12/18/2011,52
BEL116,12/19/2011,60
BEL116,12/20/2011,30
BEL116,12/21/2011,35
BEL116,12/22/2011,28
BEL116,12/23/2011,22
BEL116,12/24/2011,33
BEL116,12/25/2011,55
BEL116,12/26/2011,31
BEL116,12/27/2011,23
BEL116,12/28/2011,28
BEL116,12/29/2011,33
BEL116,12/30/2011,52
BEL116,12/31/2011,33
BEL116,01/01/2012,40
BEL116,01/02/2012,28
BEL116,01/03/2012,29
BEL116,01/04/2012,34
BEL116,01/05/2012,54
BEL116,01/06/2012,51
BEL116,01/07/2012,47
BEL116,01/08/2012,38
BEL116,01/09/2012,40
BEL116,01/10/2012,51
BEL116,01/11/2012,60
BEL116,01/12/2012,24
BEL116,01/13/2012,26
BEL116,01/14/2012,32
BEL116,01/15/2012,41
BEL116,01/16/2012,49
BEL116,01/17/2012,52
BEL116,01/18/2012,30
BEL116,01/19/2012,38
BEL116,01/20/2012,34
BEL116,01/21/2012,54
BEL116,01/22/2012,63
BEL116,01/23/2012,88
BEL116,01/24/2012,45
BEL116,01/25/2012,61
BEL116,01/26/2012,67
BEL116,01/27/2012,33
BEL116,01/28/2012,32
BEL116,01/29/2012,33
BEL116,01/30/2012,29
BEL116,01/31/2012,38
BEL116,02/01/2012,31
BEL116,02/02/2012,25
BEL116,02/03/2012,30
BEL116,02/04/2012,25
BEL116,02/05/2012,26
BEL116,02/06/2012,43
BEL116,02/07/2012,33
BEL116,02/08/2012,26
BEL116,02/09/2012,38
BEL116,02/10/2012,33
BEL116,02/11/2012,31
BEL116,02/12/2012,32
BEL116,02/13/2012,33
BEL116,02/14/2012,54
BEL116,02/15/2012,46
BEL116,02/16/2012,56
BEL116,02/17/2012,57
BEL116,02/18/2012,54
BEL116,02/19/2012,44
BEL116,02/20/2012,46
BEL116,02/21/2012,54
BEL116,02/22/2012,38
BEL116,02/23/2012,39
BEL116,02/24/2012,45
BEL116,02/25/2012,32
BEL116,02/26/2012,36
BEL116,02/27/2012,43
BEL116,02/28/2012,40
BEL116,02/29/2012,47
BEL116,03/01/2012,43
BEL116,03/02/2012,33
BEL116,03/03/2012,37
BEL116,03/04/2012,36
BEL116,03/05/2012,34
BEL116,03/06/2012,33
BEL116,03/07/2012,44
BEL116,03/08/2012,39
BEL116,03/09/2012,39
BEL116,03/10/2012,40
BEL116,03/11/2012,46
BEL116,03/12/2012,47
BEL116,03/13/2012,45
BEL116,03/14/2012,51
BEL116,03/15/2012,58
BEL116,03/16/2012,71
BEL116,03/17/2012,70
BEL116,03/18/2012,43
BEL116,03/19/2012,40
BEL116,03/20/2012,44
BEL116,03/21/2012,35
BEL116,03/22/2012,55
BEL116,03/23/2012,61
BEL116,03/24/2012,59
BEL116,03/25/2012,33
BEL116,03/26/2012,42
BEL116,03/27/2012,42
BEL116,03/28/2012,46
BEL116,03/29/2012,38
BEL116,03/30/2012,34
BEL116,03/31/2012,58
BEL116,04/01/2012,43
BEL116,04/02/2012,46
BEL116,04/03/2012,50
BEL116,04/04/2012,64
BEL116,04/05/2012,40
BEL116,04/06/2012,47
BEL116,04/07/2012,50
BEL116,04/08/2012,77
BEL116,04/09/2012,49
BEL116,04/10/2012,58
BEL116,04/11/2012,31
BEL116,04/12/2012,38
BEL116,04/13/2012,47
BEL116,04/14/2012,74
BEL116,04/15/2012,100
BEL116,04/16/2012,70
BEL116,04/17/2012,44
BEL116,04/18/2012,34
BEL116,04/19/2012,57
BEL116,04/20/2012,61
BEL116,04/21/2012,51
BEL116,04/22/2012,28
BEL116,04/23/2012,31
BEL116,04/24/2012,50
BEL116,04/25/2012,50
BEL116,04/26/2012,53
BEL116,04/27/2012,44
BEL116,04/28/2012,36
BEL116,04/29/2012,51
BEL116,04/30/2012,58
BEL116,05/01/2012,47
BEL116,05/02/2012,62
BEL116,05/03/2012,56
BEL116,05/04/2012,58
BEL116,05/05/2012,58
BEL116,05/06/2012,41
BEL116,05/07/2012,45
BEL116,05/08/2012,45
BEL116,05/09/2012,54
BEL116,05/10/2012,44
BEL116,05/11/2012,50
BEL116,05/12/2012,101
BEL116,05/13/2012,84
BEL116,05/14/2012,46
BEL116,05/15/2012,46
BEL116,05/16/2012,93
BEL116,05/17/2012,51
BEL116,05/18/2012,77
BEL116,05/19/2012,100
BEL116,05/20/2012,61
BEL116,05/21/2012,30
BEL116,05/22/2012,44
BEL116,05/23/2012,55
BEL116,05/24/2012,67
BEL116,05/25/2012,56
BEL116,05/26/2012,46
BEL116,05/27/2012,40
BEL116,05/28/2012,54
BEL116,05/29/2012,44
BEL116,05/30/2012,51
BEL116,05/31/2012,115
BEL116,06/01/2012,52
BEL116,06/02/2012,46
BEL116,06/03/2012,58
BEL116,06/04/2012,33
BEL116,06/05/2012,37
BEL116,06/06/2012,45
BEL116,06/07/2012,46
BEL116,06/08/2012,48
BEL116,06/09/2012,100
BEL116,06/10/2012,150
BEL116,06/11/2012,77
BEL116,06/12/2012,45
BEL116,06/13/2012,48
BEL116,06/14/2012,64
BEL116,06/15/2012,67
BEL116,06/16/2012,61
BEL116,06/17/2012,50
BEL116,06/18/2012,43
BEL116,06/19/2012,129
BEL116,06/20/2012,136
BEL116,06/21/2012,164
BEL116,06/22/2012,90
BEL116,06/23/2012,71
BEL116,06/24/2012,93
BEL116,06/25/2012,80
BEL116,06/26/2012,38
BEL116,06/27/2012,53
BEL116,06/28/2012,126
BEL116,06/29/2012,197
BEL116,06/30/2012,87
BEL116,07/01/2012,105
BEL116,07/02/2012,54
BEL116,07/03/2012,136
BEL116,07/04/2012,133
BEL116,07/05/2012,161
BEL116,07/06/2012,147
BEL116,07/07/2012,140
BEL116,07/08/2012,151
BEL116,07/09/2012,61
BEL116,07/10/2012,71
BEL116,07/11/2012,58
BEL116,07/12/2012,58
BEL116,07/13/2012,84
BEL116,07/14/2012,56
BEL116,07/15/2012,44
BEL116,07/16/2012,97
BEL116,07/17/2012,161
BEL116,07/18/2012,119
BEL116,07/19/2012,154
BEL116,07/20/2012,52
BEL116,07/21/2012,43
BEL116,07/22/2012,40
BEL116,07/23/2012,71
BEL116,07/24/2012,65
BEL116,07/25/2012,87
BEL116,07/26/2012,119
BEL116,07/27/2012,80
BEL116,07/28/2012,93
BEL116,07/29/2012,58
BEL116,07/30/2012,54
BEL116,07/31/2012,45
BEL116,08/01/2012,93
BEL116,08/02/2012,71
BEL116,08/03/2012,80
BEL116,08/04/2012,63
BEL116,08/05/2012,50
BEL116,08/06/2012,74
BEL116,08/07/2012,77
BEL116,08/08/2012,97
BEL116,08/09/2012,115
BEL116,08/10/2012,44
BEL116,08/11/2012,54
BEL116,08/12/2012,47
BEL116,08/13/2012,84
BEL116,08/14/2012,77
BEL116,08/15/2012,71
BEL116,08/16/2012,87
BEL116,08/17/2012,90
BEL116,08/18/2012,52
BEL116,08/19/2012,52
BEL116,08/20/2012,49
BEL116,08/21/2012,80
BEL116,08/22/2012,93
BEL116,08/23/2012,119
BEL116,08/24/2012,105
BEL116,08/25/2012,52
BEL116,08/26/2012,28
BEL116,08/27/2012,58
BEL116,08/28/2012,50
BEL116,08/29/2012,50
BEL116,08/30/2012,93
BEL116,08/31/2012,112
BEL116,09/01/2012,58
BEL116,09/02/2012,63
BEL116,09/03/2012,47
BEL116,09/04/2012,51
BEL116,09/05/2012,47
BEL116,09/06/2012,39
BEL116,09/07/2012,77
BEL116,09/08/2012,44
BEL116,09/09/2012,36
BEL116,09/10/2012,35
BEL116,09/11/2012,44
BEL116,09/12/2012,74
BEL116,09/13/2012,49
BEL116,09/14/2012,49
BEL116,09/15/2012,32
BEL116,09/16/2012,44
BEL116,09/17/2012,39
BEL116,09/18/2012,27
BEL116,09/19/2012,33
BEL116,09/20/2012,44
BEL116,09/21/2012,50
BEL116,09/22/2012,53
BEL116,09/23/2012,33
BEL116,09/24/2012,35
BEL116,09/25/2012,49
BEL116,09/26/2012,57
BEL116,09/27/2012,54
BEL116,09/28/2012,48
BEL116,09/29/2012,31
BEL116,09/30/2012,44
BEL116,10/01/2012,37
BEL116,10/02/2012,53
BEL116,10/03/2012,53
BEL116,10/04/2012,56
BEL116,10/05/2012,57
BEL116,10/06/2012,44
BEL116,10/07/2012,28
BEL116,10/08/2012,27
BEL116,10/09/2012,39
BEL116,10/10/2012,40
BEL116,10/11/2012,29
BEL116,10/12/2012,31
BEL116,10/13/2012,31
BEL116,10/14/2012,44
BEL116,10/15/2012,30
BEL116,10/16/2012,25
BEL116,10/17/2012,41
BEL116,10/18/2012,39
BEL116,10/19/2012,34
BEL116,10/20/2012,29
BEL116,10/21/2012,33
BEL116,10/22/2012,38
BEL116,10/23/2012,55
BEL116,10/24/2012,63
BEL116,10/25/2012,77
BEL116,10/26/2012,54
BEL116,10/27/2012,39
BEL116,10/28/2012,32
BEL116,10/29/2012,19
BEL116,10/30/2012,19
BEL116,10/31/2012,23
BEL116,11/01/2012,22
BEL116,11/02/2012,29
BEL116,11/03/2012,25
BEL116,11/04/2012,33
BEL116,11/05/2012,33
BEL116,11/06/2012,31
BEL116,11/07/2012,40
BEL116,11/08/2012,37
BEL116,11/09/2012,49
BEL116,11/10/2012,63
BEL116,11/11/2012,69
BEL116,11/12/2012,51
BEL116,11/13/2012,30
BEL116,11/14/2012,36
BEL116,11/15/2012,43
BEL116,11/16/2012,54
BEL116,11/17/2012,37
BEL116,11/18/2012,55
BEL116,11/19/2012,42
BEL116,11/20/2012,56
BEL116,11/21/2012,65
BEL116,11/22/2012,60
BEL116,11/23/2012,54
BEL116,11/24/2012,28
BEL116,11/25/2012,35
BEL116,11/26/2012,68
BEL116,11/27/2012,30
BEL116,11/28/2012,30
BEL116,11/29/2012,56
BEL116,11/30/2012,69
BEL116,12/01/2012,97
BEL116,12/02/2012,84
BEL116,12/03/2012,58
BEL116,12/04/2012,61
BEL116,12/05/2012,31
BEL116,12/06/2012,25
BEL116,12/07/2012,35
BEL116,12/08/2012,70
BEL116,12/09/2012,63
BEL116,12/10/2012,55
BEL116,12/11/2012,33
BEL116,12/12/2012,47
BEL116,12/13/2012,50
BEL116,12/14/2012,62
BEL116,12/15/2012,61
BEL116,12/16/2012,61
BEL116,12/17/2012,67
BEL116,12/18/2012,33
BEL116,12/19/2012,39
BEL116,12/20/2012,33
BEL116,12/21/2012,26
BEL116,12/22/2012,33
BEL116,12/23/2012,33
BEL116,12/24/2012,64
BEL116,12/25/2012,62
BEL116,12/26/2012,27
BEL116,12/27/2012,32
BEL116,12/28/2012,40
BEL116,12/29/2012,48
BEL116,12/30/2012,33
BEL116,12/31/2012,41
BEL116,01/01/2013,43
BEL116,01/02/2013,52
BEL116,01/03/2013,55
BEL116,01/04/2013,38
BEL116,01/05/2013,35
BEL116,01/06/2013,38
BEL116,01/07/2013,46
BEL116,01/08/2013,56
BEL116,01/09/2013,69
BEL116,01/10/2013,33
BEL116,01/11/2013,54
BEL116,01/12/2013,67
BEL116,01/13/2013,31
BEL116,01/14/2013,34
BEL116,01/15/2013,52
BEL116,01/16/2013,46
BEL116,01/17/2013,44
BEL116,01/18/2013,34
BEL116,01/19/2013,52
BEL116,01/20/2013,38
BEL116,01/21/2013,31
BEL116,01/22/2013,31
BEL116,01/23/2013,30
BEL116,01/24/2013,52
BEL116,01/25/2013,30
BEL116,01/26/2013,69
BEL116,01/27/2013,77
BEL116,01/28/2013,79
BEL116,01/29/2013,64
BEL116,01/30/2013,44
BEL116,01/31/2013,32
BEL116,02/01/2013,28
BEL116,02/02/2013,29
BEL116,02/03/2013,55
BEL116,02/04/2013,28
BEL116,02/05/2013,62
BEL116,02/06/2013,56
BEL116,02/07/2013,53
BEL116,02/08/2013,37
BEL116,02/09/2013,36
BEL116,02/10/2013,36
BEL116,02/11/2013,32
BEL116,02/12/2013,39
BEL116,02/13/2013,57
BEL116,02/14/2013,54
BEL116,02/15/2013,42
BEL116,02/16/2013,31
BEL116,02/17/2013,37
BEL116,02/18/2013,34
BEL116,02/19/2013,31
BEL116,02/20/2013,31
BEL116,02/21/2013,31
BEL116,02/22/2013,35
BEL116,02/23/2013,45
BEL116,02/24/2013,57
BEL116,02/25/2013,52
BEL116,02/26/2013,53
BEL116,02/27/2013,34
BEL116,02/28/2013,30
BEL116,03/01/2013,32
BEL116,03/02/2013,35
BEL116,03/03/2013,37
BEL116,03/04/2013,40
BEL116,03/05/2013,48
BEL116,03/06/2013,35
BEL116,03/07/2013,43
BEL116,03/08/2013,43
BEL116,03/09/2013,44
BEL116,03/10/2013,51
BEL116,03/11/2013,41
BEL116,03/12/2013,35
BEL116,03/13/2013,41
BEL116,03/14/2013,44
BEL116,03/15/2013,43
BEL116,03/16/2013,62
BEL116,03/17/2013,56
BEL116,03/18/2013,35
BEL116,03/19/2013,46
BEL116,03/20/2013,44
BEL116,03/21/2013,43
BEL116,03/22/2013,37
BEL116,03/23/2013,55
BEL116,03/24/2013,42
BEL116,03/25/2013,48
BEL116,03/26/2013,44
BEL116,03/27/2013,39
BEL116,03/28/2013,40
BEL116,03/29/2013,45
BEL116,03/30/2013,64
BEL116,03/31/2013,54
BEL116,04/01/2013,53
BEL116,04/02/2013,46
BEL116,04/03/2013,48
BEL116,04/04/2013,46
BEL116,04/05/2013,67
BEL116,04/06/2013,47
BEL116,04/07/2013,71
BEL116,04/08/2013,71
BEL116,04/09/2013,71
BEL116,04/10/2013,64
BEL116,04/11/2013,80
BEL116,04/12/2013,46
BEL116,04/13/2013,50
BEL116,04/14/2013,49
BEL116,04/15/2013,46
BEL116,04/16/2013,49
BEL116,04/17/2013,54
BEL116,04/18/2013,48
BEL116,04/19/2013,33
BEL116,04/20/2013,45
BEL116,04/21/2013,48
BEL116,04/22/2013,43
BEL116,04/23/2013,44
BEL116,04/24/2013,51
BEL116,04/25/2013,51
BEL116,04/26/2013,77
BEL116,04/27/2013,93
BEL116,04/28/2013,100
BEL116,04/29/2013,47
BEL116,04/30/2013,44
BEL116,05/01/2013,61
BEL116,05/02/2013,42
BEL116,05/03/2013,44
BEL116,05/04/2013,44
BEL116,05/05/2013,50
BEL116,05/06/2013,38
BEL116,05/07/2013,31
BEL116,05/08/2013,39
BEL116,05/09/2013,43
BEL116,05/10/2013,61
BEL116,05/11/2013,46
BEL116,05/12/2013,44
BEL116,05/13/2013,45
BEL116,05/14/2013,48
BEL116,05/15/2013,87
BEL116,05/16/2013,71
BEL116,05/17/2013,101
BEL116,05/18/2013,46
BEL116,05/19/2013,36
BEL116,05/20/2013,45
BEL116,05/21/2013,52
BEL116,05/22/2013,61
BEL116,05/23/2013,39
BEL116,05/24/2013,31
BEL116,05/25/2013,39
BEL116,05/26/2013,45
BEL116,05/27/2013,49
BEL116,05/28/2013,52
BEL116,05/29/2013,90
BEL116,05/30/2013,112
BEL116,05/31/2013,71
BEL116,06/01/2013,58
BEL116,06/02/2013,37
BEL116,06/03/2013,44
BEL116,06/04/2013,58
BEL116,06/05/2013,90
BEL116,06/06/2013,44
BEL116,06/07/2013,25
BEL116,06/08/2013,61
BEL116,06/09/2013,50
BEL116,06/10/2013,30
BEL116,06/11/2013,48
BEL116,06/12/2013,97
BEL116,06/13/2013,46
BEL116,06/14/2013,44
BEL116,06/15/2013,61
BEL116,06/16/2013,56
BEL116,06/17/2013,80
BEL116,06/18/2013,54
BEL116,06/19/2013,44
BEL116,06/20/2013,58
BEL116,06/21/2013,67
BEL116,06/22/2013,49
BEL116,06/23/2013,32
BEL116,06/24/2013,80
BEL116,06/25/2013,90
BEL116,06/26/2013,100
BEL116,06/27/2013,40
BEL116,06/28/2013,44
BEL116,06/29/2013,74
BEL116,06/30/2013,45
BEL116,07/01/2013,27
BEL116,07/02/2013,26
BEL116,07/03/2013,29
BEL116,07/04/2013,25
BEL116,07/05/2013,28
BEL116,07/06/2013,34
BEL116,07/07/2013,34
BEL116,07/08/2013,50
BEL116,07/09/2013,56
BEL116,07/10/2013,41
BEL116,07/11/2013,61
BEL116,07/12/2013,34
BEL116,07/13/2013,39
BEL116,07/14/2013,26
BEL116,07/15/2013,61
BEL116,07/16/2013,77
BEL116,07/17/2013,112
BEL116,07/18/2013,122
BEL116,07/19/2013,122
BEL116,07/20/2013,51
BEL116,07/21/2013,74
BEL116,07/22/2013,49
BEL116,07/23/2013,49
BEL116,07/24/2013,44
BEL116,07/25/2013,44
BEL116,07/26/2013,54
BEL116,07/27/2013,52
BEL116,07/28/2013,44
BEL116,07/29/2013,54
BEL116,07/30/2013,74
BEL116,07/31/2013,57
BEL116,08/01/2013,40
BEL116,08/02/2013,64
BEL116,08/03/2013,43
BEL116,08/04/2013,34
BEL116,08/05/2013,44
BEL116,08/06/2013,31
BEL116,08/07/2013,43
BEL116,08/08/2013,41
BEL116,08/09/2013,43
BEL116,08/10/2013,42
BEL116,08/11/2013,54
BEL116,08/12/2013,74
BEL116,08/13/2013,45
BEL116,08/14/2013,30
BEL116,08/15/2013,43
BEL116,08/16/2013,58
BEL116,08/17/2013,67
BEL116,08/18/2013,40
BEL116,08/19/2013,34
BEL116,08/20/2013,64
BEL116,08/21/2013,46
BEL116,08/22/2013,61
BEL116,08/23/2013,52
BEL116,08/24/2013,43
BEL116,08/25/2013,48
BEL116,08/26/2013,71
BEL116,08/27/2013,77
BEL116,08/28/2013,57
BEL116,08/29/2013,84
BEL116,08/30/2013,90
BEL116,08/31/2013,58
BEL116,09/01/2013,64
BEL116,09/02/2013,54
BEL116,09/03/2013,49
BEL116,09/04/2013,49
BEL116,09/05/2013,54
BEL116,09/06/2013,46
BEL116,09/07/2013,62
BEL116,09/08/2013,80
BEL116,09/09/2013,36
BEL116,09/10/2013,105
BEL116,09/11/2013,87
BEL116,09/12/2013,50
BEL116,09/13/2013,32
BEL116,09/14/2013,28
BEL116,09/15/2013,44
BEL116,09/16/2013,39
BEL116,09/17/2013,34
BEL116,09/18/2013,43
BEL116,09/19/2013,48
BEL116,09/20/2013,49
BEL116,09/21/2013,41
BEL116,09/22/2013,29
BEL116,09/23/2013,31
BEL116,09/24/2013,37
BEL116,09/25/2013,30
BEL116,09/26/2013,46
BEL116,09/27/2013,39
BEL116,09/28/2013,37
BEL116,09/29/2013,35
BEL116,09/30/2013,43
BEL116,10/01/2013,50
BEL116,10/02/2013,49
BEL116,10/03/2013,54
BEL116,10/04/2013,59
BEL116,10/05/2013,67
BEL116,10/06/2013,55
BEL116,10/07/2013,25
BEL116,10/08/2013,23
BEL116,10/09/2013,19
BEL116,10/10/2013,18
BEL116,10/11/2013,23
BEL116,10/12/2013,25
BEL116,10/13/2013,27
BEL116,10/14/2013,33
BEL116,10/15/2013,37
BEL116,10/16/2013,36
BEL116,10/17/2013,35
BEL116,10/18/2013,34
BEL116,10/19/2013,34
BEL116,10/20/2013,33
BEL116,10/21/2013,38
BEL116,10/22/2013,33
BEL116,10/23/2013,34
BEL116,10/24/2013,27
BEL116,10/25/2013,25
BEL116,10/26/2013,33
BEL116,10/27/2013,34
BEL116,10/28/2013,46
BEL116,10/29/2013,51
BEL116,10/30/2013,66
BEL116,10/31/2013,77
BEL116,11/01/2013,39
BEL116,11/02/2013,34
BEL116,11/03/2013,31
BEL116,11/04/2013,26
BEL116,11/05/2013,34
BEL116,11/06/2013,34
BEL116,11/07/2013,40
BEL116,11/08/2013,30
BEL116,11/09/2013,39
BEL116,11/10/2013,35
BEL116,11/11/2013,30
BEL116,11/12/2013,25
BEL116,11/13/2013,31
BEL116,11/14/2013,39
BEL116,11/15/2013,65
BEL116,11/16/2013,82
BEL116,11/17/2013,60
BEL116,11/18/2013,37
BEL116,11/19/2013,30
BEL116,11/20/2013,30
BEL116,11/21/2013,40
BEL116,11/22/2013,31
BEL116,11/23/2013,30
BEL116,11/24/2013,28
BEL116,11/25/2013,25
BEL116,11/26/2013,25
BEL116,11/27/2013,23
BEL116,11/28/2013,30
BEL116,11/29/2013,54
BEL116,11/30/2013,48
BEL116,12/01/2013,70
BEL116,12/02/2013,70
BEL116,12/03/2013,77
BEL116,12/04/2013,84
BEL116,12/05/2013,67
BEL116,12/06/2013,49
BEL116,12/07/2013,30
BEL116,12/08/2013,43
BEL116,12/09/2013,45
BEL116,12/10/2013,39
BEL116,12/11/2013,28
BEL116,12/12/2013,36
BEL116,12/13/2013,31
BEL116,12/14/2013,51
BEL116,12/15/2013,30
BEL116,12/16/2013,39
BEL116,12/17/2013,69
BEL116,12/18/2013,55
BEL116,12/19/2013,35
BEL116,12/20/2013,40
BEL116,12/21/2013,51
BEL116,12/22/2013,35
BEL116,12/23/2013,30
BEL116,12/24/2013,30
BEL116,12/25/2013,31
BEL116,12/26/2013,50
BEL116,12/27/2013,32
BEL116,12/28/2013,45
BEL116,12/29/2013,32
BEL116,12/30/2013,21
BEL116,12/31/2013,30
BEL116,01/01/2014,48
BEL116,01/02/2014,72
BEL116,01/03/2014,35
BEL116,01/04/2014,53
BEL116,01/05/2014,77
BEL116,01/06/2014,35
BEL116,01/07/2014,31
BEL116,01/08/2014,51
BEL116,01/09/2014,57
BEL116,01/10/2014,80
BEL116,01/11/2014,33
BEL116,01/12/2014,30
BEL116,01/13/2014,43
BEL116,01/14/2014,29
BEL116,01/15/2014,41
BEL116,01/16/2014,33
BEL116,01/17/2014,48
BEL116,01/18/2014,27
BEL116,01/19/2014,30
BEL116,01/20/2014,31
BEL116,01/21/2014,36
BEL116,01/22/2014,33
BEL116,01/23/2014,56
BEL116,01/24/2014,35
BEL116,01/25/2014,34
BEL116,01/26/2014,35
BEL116,01/27/2014,36
BEL116,01/28/2014,32
BEL116,01/29/2014,40
BEL116,01/30/2014,34
BEL116,01/31/2014,51
BEL116,02/01/2014,60
BEL116,02/02/2014,59
BEL116,02/03/2014,44
BEL116,02/04/2014,55
BEL116,02/05/2014,33
BEL116,02/06/2014,35
BEL116,02/07/2014,53
BEL116,02/08/2014,62
BEL116,02/09/2014,82
BEL116,02/10/2014,61
BEL116,02/11/2014,64
BEL116,02/12/2014,55
BEL116,02/13/2014,31
BEL116,02/14/2014,40
BEL116,02/15/2014,63
BEL116,02/16/2014,53
BEL116,02/17/2014,43
BEL116,02/18/2014,42
BEL116,02/19/2014,62
BEL116,02/20/2014,40
BEL116,02/21/2014,35
BEL116,02/22/2014,39
BEL116,02/23/2014,40
BEL116,02/24/2014,37
BEL116,02/25/2014,31
BEL116,02/26/2014,34
BEL116,02/27/2014,38
BEL116,02/28/2014,36
BEL116,03/01/2014,45
BEL116,03/02/2014,73
BEL116,03/03/2014,40
BEL116,03/04/2014,45
BEL116,03/05/2014,60
BEL116,03/06/2014,44
BEL116,03/07/2014,45
BEL116,03/08/2014,55
BEL116,03/09/2014,56
BEL116,03/10/2014,38
BEL116,03/11/2014,48
BEL116,03/12/2014,55
BEL116,03/13/2014,37
BEL116,03/14/2014,43
BEL116,03/15/2014,45
BEL116,03/16/2014,38
BEL116,03/17/2014,31
BEL116,03/18/2014,38
BEL116,03/19/2014,33
BEL116,03/20/2014,42
BEL116,03/21/2014,44
BEL116,03/22/2014,52
BEL116,03/23/2014,41
BEL116,03/24/2014,35
BEL116,03/25/2014,46
BEL116,03/26/2014,40
BEL116,03/27/2014,40
BEL116,03/28/2014,43
BEL116,03/29/2014,36
BEL116,03/30/2014,37
BEL116,03/31/2014,46
BEL116,04/01/2014,44
BEL116,04/02/2014,39
BEL116,04/03/2014,54
BEL116,04/04/2014,59
BEL116,04/05/2014,44
BEL116,04/06/2014,47
BEL116,04/07/2014,33
BEL116,04/08/2014,46
BEL116,04/09/2014,67
BEL116,04/10/2014,71
BEL116,04/11/2014,77
BEL116,04/12/2014,77
BEL116,04/13/2014,67
BEL116,04/14/2014,44
BEL116,04/15/2014,37
BEL116,04/16/2014,44
BEL116,04/17/2014,46
BEL116,04/18/2014,43
BEL116,04/19/2014,54
BEL116,04/20/2014,47
BEL116,04/21/2014,50
BEL116,04/22/2014,48
BEL116,04/23/2014,37
BEL116,04/24/2014,51
BEL116,04/25/2014,61
BEL116,04/26/2014,51
BEL116,04/27/2014,49
BEL116,04/28/2014,42
BEL116,04/29/2014,38
BEL116,04/30/2014,36
BEL116,05/01/2014,49
BEL116,05/02/2014,49
BEL116,05/03/2014,50
BEL116,05/04/2014,49
BEL116,05/05/2014,45
BEL116,05/06/2014,58
BEL116,05/07/2014,39
BEL116,05/08/2014,71
BEL116,05/09/2014,62
BEL116,05/10/2014,51
BEL116,05/11/2014,84
BEL116,05/12/2014,67
BEL116,05/13/2014,97
BEL116,05/14/2014,48
BEL116,05/15/2014,52
BEL116,05/16/2014,38
BEL116,05/17/2014,48
BEL116,05/18/2014,47
BEL116,05/19/2014,71
BEL116,05/20/2014,93
BEL116,05/21/2014,44
BEL116,05/22/2014,77
BEL116,05/23/2014,51
BEL116,05/24/2014,43
BEL116,05/25/2014,50
BEL116,05/26/2014,71
BEL116,05/27/2014,84
BEL116,05/28/2014,53
BEL116,05/29/2014,22
BEL116,05/30/2014,38
BEL116,05/31/2014,45
BEL116,06/01/2014,45
BEL116,06/02/2014,54
BEL116,06/03/2014,60
BEL116,06/04/2014,108
BEL116,06/05/2014,50
BEL116,06/06/2014,40
BEL116,06/07/2014,51
BEL116,06/08/2014,58
BEL116,06/09/2014,62
BEL116,06/10/2014,56
BEL116,06/11/2014,55
BEL116,06/12/2014,33
BEL116,06/13/2014,47
BEL116,06/14/2014,44
BEL116,06/15/2014,58
BEL116,06/16/2014,101
BEL116,06/17/2014,112
BEL116,06/18/2014,80
BEL116,06/19/2014,57
BEL116,06/20/2014,58
BEL116,06/21/2014,52
BEL116,06/22/2014,61
BEL116,06/23/2014,51
BEL116,06/24/2014,48
BEL116,06/25/2014,44
BEL116,06/26/2014,45
BEL116,06/27/2014,43
BEL116,06/28/2014,48
BEL116,06/29/2014,45
BEL116,06/30/2014,49
BEL116,07/01/2014,56
BEL116,07/02/2014,74
BEL116,07/03/2014,57
BEL116,07/04/2014,38
BEL116,07/05/2014,46
BEL116,07/06/2014,58
BEL116,07/07/2014,90
BEL116,07/08/2014,97
BEL116,07/09/2014,41
BEL116,07/10/2014,50
BEL116,07/11/2014,87
BEL116,07/12/2014,58
BEL116,07/13/2014,56
BEL116,07/14/2014,50
BEL116,07/15/2014,48
BEL116,07/16/2014,48
BEL116,07/17/2014,48
BEL116,07/18/2014,67
BEL116,07/19/2014,51
BEL116,07/20/2014,41
BEL116,07/21/2014,50
BEL116,07/22/2014,42
BEL116,07/23/2014,84
BEL116,07/24/2014,37
BEL116,07/25/2014,51
BEL116,07/26/2014,71
BEL116,07/27/2014,47
BEL116,07/28/2014,44
BEL116,07/29/2014,40
BEL116,07/30/2014,51
BEL116,07/31/2014,80
BEL116,08/01/2014,65
BEL116,08/02/2014,42
BEL116,08/03/2014,35
BEL116,08/04/2014,93
BEL116,08/05/2014,100
BEL116,08/06/2014,74
BEL116,08/07/2014,55
BEL116,08/08/2014,53
BEL116,08/09/2014,59
BEL116,08/10/2014,61
BEL116,08/11/2014,42
BEL116,08/12/2014,28
BEL116,08/13/2014,43
BEL116,08/14/2014,44
BEL116,08/15/2014,49
BEL116,08/16/2014,97
BEL116,08/17/2014,54
BEL116,08/18/2014,39
BEL116,08/19/2014,43
BEL116,08/20/2014,46
BEL116,08/21/2014,58
BEL116,08/22/2014,55
BEL116,08/23/2014,30
BEL116,08/24/2014,37
BEL116,08/25/2014,42
BEL116,08/26/2014,54
BEL116,08/27/2014,119
BEL116,08/28/2014,50
BEL116,08/29/2014,44
BEL116,08/30/2014,42
BEL116,08/31/2014,53
BEL116,09/01/2014,36
BEL116,09/02/2014,50
BEL116,09/03/2014,47
BEL116,09/04/2014,45
BEL116,09/05/2014,47
BEL116,09/06/2014,48
BEL116,09/07/2014,35
BEL116,09/08/2014,33
BEL116,09/09/2014,37
BEL116,09/10/2014,36
BEL116,09/11/2014,44
BEL116,09/12/2014,39
BEL116,09/13/2014,36
BEL116,09/14/2014,34
BEL116,09/15/2014,40
BEL116,09/16/2014,44
BEL116,09/17/2014,42
BEL116,09/18/2014,45
BEL116,09/19/2014,51
BEL116,09/20/2014,42
BEL116,09/21/2014,48
BEL116,09/22/2014,27
BEL116,09/23/2014,29
BEL116,09/24/2014,29
BEL116,09/25/2014,19
BEL116,09/26/2014,33
BEL116,09/27/2014,45
BEL116,09/28/2014,61
BEL116,09/29/2014,56
BEL116,09/30/2014,31
BEL116,10/01/2014,31
BEL116,10/02/2014,40
BEL116,10/03/2014,34
BEL116,10/04/2014,29
BEL116,10/05/2014,28
BEL116,10/06/2014,42
BEL116,10/07/2014,35
BEL116,10/08/2014,40
BEL116,10/09/2014,38
BEL116,10/10/2014,31
BEL116,10/11/2014,45
BEL116,10/12/2014,38
BEL116,10/13/2014,33
BEL116,10/14/2014,33
BEL116,10/15/2014,30
BEL116,10/16/2014,35
BEL116,10/17/2014,32
BEL116,10/18/2014,31
BEL116,10/19/2014,32
BEL116,10/20/2014,34
BEL116,10/21/2014,33
BEL116,10/22/2014,27
BEL116,10/23/2014,32
BEL116,10/24/2014,33
BEL116,10/25/2014,45
BEL116,10/26/2014,41
BEL116,10/27/2014,36
BEL116,10/28/2014,47
BEL116,10/29/2014,43
BEL116,10/30/2014,20
BEL116,10/31/2014,24
BEL116,11/01/2014,25
BEL116,11/02/2014,35
BEL116,11/03/2014,36
BEL116,11/04/2014,51
BEL116,11/05/2014,38
BEL116,11/06/2014,58
BEL116,11/07/2014,28
BEL116,11/08/2014,30
BEL116,11/09/2014,26
BEL116,11/10/2014,43
BEL116,11/11/2014,33
BEL116,11/12/2014,22
BEL116,11/13/2014,37
BEL116,11/14/2014,32
BEL116,11/15/2014,30
BEL116,11/16/2014,43
BEL116,11/17/2014,26
BEL116,11/18/2014,31
BEL116,11/19/2014,31
BEL116,11/20/2014,35
BEL116,11/21/2014,31
BEL116,11/22/2014,52
BEL116,11/23/2014,31
BEL116,11/24/2014,33
BEL116,11/25/2014,38
BEL116,11/26/2014,44
BEL116,11/27/2014,54
BEL116,11/28/2014,43
BEL116,11/29/2014,57
BEL116,11/30/2014,61
BEL116,12/01/2014,56
BEL116,12/02/2014,48
BEL116,12/03/2014,53
BEL116,12/04/2014,57
BEL116,12/05/2014,67
BEL116,12/06/2014,65
BEL116,12/07/2014,45
BEL116,12/08/2014,51
BEL116,12/09/2014,44
BEL116,12/10/2014,29
BEL116,12/11/2014,28
BEL116,12/12/2014,23
BEL116,12/13/2014,69
BEL116,12/14/2014,37
BEL116,12/15/2014,52
BEL116,12/16/2014,64
BEL116,12/17/2014,25
BEL116,12/18/2014,30
BEL116,12/19/2014,41
BEL116,12/20/2014,43
BEL116,12/21/2014,68
BEL116,12/22/2014,78
BEL116,12/23/2014,73
BEL116,12/24/2014,26
BEL116,12/25/2014,29
BEL116,12/26/2014,24
BEL116,12/27/2014,54
BEL116,12/28/2014,45
BEL116,12/29/2014,30
BEL116,12/30/2014,40
BEL116,12/31/2014,54
BEL116,01/01/2015,59
BEL116,01/02/2015,43
BEL116,01/03/2015,70
BEL116,01/04/2015,39
BEL116,01/05/2015,34
BEL116,01/06/2015,43
BEL116,01/07/2015,34
BEL116,01/08/2015,31
BEL116,01/09/2015,39
BEL116,01/10/2015,39
BEL116,01/11/2015,66
BEL116,01/12/2015,56
BEL116,01/13/2015,40
BEL116,01/14/2015,65
BEL116,01/15/2015,79
BEL116,01/16/2015,60
BEL116,01/17/2015,41
BEL116,01/18/2015,56
BEL116,01/19/2015,39
BEL116,01/20/2015,60
BEL116,01/21/2015,74
BEL116,01/22/2015,66
BEL116,01/23/2015,65
BEL116,01/24/2015,48
BEL116,01/25/2015,40
BEL116,01/26/2015,52
BEL116,01/27/2015,47
BEL116,01/28/2015,43
BEL116,01/29/2015,44
BEL116,01/30/2015,35
BEL116,01/31/2015,38
BEL116,02/01/2015,64
BEL116,02/02/2015,52
BEL116,02/03/2015,35
BEL116,02/04/2015,49
BEL116,02/05/2015,36
BEL116,02/06/2015,41
BEL116,02/07/2015,56
BEL116,02/08/2015,80
BEL116,02/09/2015,74
BEL116,02/10/2015,52
BEL116,02/11/2015,52
BEL116,02/12/2015,54
BEL116,02/13/2015,33
BEL116,02/14/2015,41
BEL116,02/15/2015,35
BEL116,02/16/2015,30
BEL116,02/17/2015,56
BEL116,02/18/2015,63
BEL116,02/19/2015,40
BEL116,02/20/2015,52
BEL116,02/21/2015,58
BEL116,02/22/2015,62
BEL116,02/23/2015,54
BEL116,02/24/2015,45
BEL116,02/25/2015,56
BEL116,02/26/2015,70
BEL116,02/27/2015,70
BEL116,02/28/2015,54
BEL116,03/01/2015,64
BEL116,03/02/2015,70
BEL116,03/03/2015,66
BEL116,03/04/2015,67
BEL116,03/05/2015,53
BEL116,03/06/2015,53
BEL116,03/07/2015,62
BEL116,03/08/2015,61
BEL116,03/09/2015,57
BEL116,03/10/2015,62
BEL116,03/11/2015,54
BEL116,03/12/2015,43
BEL116,03/13/2015,44
BEL116,03/14/2015,43
BEL116,03/15/2015,59
BEL116,03/16/2015,63
BEL116,03/17/2015,57
BEL116,03/18/2015,44
BEL116,03/19/2015,47
BEL116,03/20/2015,44
BEL116,03/21/2015,63
BEL116,03/22/2015,44
BEL116,03/23/2015,43
BEL116,03/24/2015,45
BEL116,03/25/2015,53
BEL116,03/26/2015,56
BEL116,03/27/2015,48
BEL116,03/28/2015,40
BEL116,03/29/2015,46
BEL116,03/30/2015,43
BEL116,03/31/2015,47
BEL116,04/01/2015,46
BEL116,04/02/2015,61
BEL116,04/03/2015,60
BEL116,04/04/2015,42
BEL116,04/05/2015,48
BEL116,04/06/2015,49
BEL116,04/07/2015,61
BEL116,04/08/2015,37
BEL116,04/09/2015,51
BEL116,04/10/2015,52
BEL116,04/11/2015,50
BEL116,04/12/2015,64
BEL116,04/13/2015,67
BEL116,04/14/2015,54
BEL116,04/15/2015,47
BEL116,04/16/2015,61
BEL116,04/17/2015,54
BEL116,04/18/2015,80
BEL116,04/19/2015,55
BEL116,04/20/2015,52
BEL116,04/21/2015,47
BEL116,04/22/2015,52
BEL116,04/23/2015,44
BEL116,04/24/2015,50
BEL116,04/25/2015,46
BEL116,04/26/2015,48
BEL116,04/27/2015,45
BEL116,04/28/2015,46
BEL116,04/29/2015,53
BEL116,04/30/2015,67
BEL116,05/01/2015,53
BEL116,05/02/2015,56
BEL116,05/03/2015,93
BEL116,05/04/2015,90
BEL116,05/05/2015,101
BEL116,05/06/2015,90
BEL116,05/07/2015,80
BEL116,05/08/2015,90
BEL116,05/09/2015,52
BEL116,05/10/2015,62
BEL116,05/11/2015,69
BEL116,05/12/2015,64
BEL116,05/13/2015,43
BEL116,05/14/2015,58
BEL116,05/15/2015,54
BEL116,05/16/2015,71
BEL116,05/17/2015,45
BEL116,05/18/2015,51
BEL116,05/19/2015,48
BEL116,05/20/2015,37
BEL116,05/21/2015,31
BEL116,05/22/2015,54
BEL116,05/23/2015,54
BEL116,05/24/2015,93
BEL116,05/25/2015,52
BEL116,05/26/2015,54
BEL116,05/27/2015,47
BEL116,05/28/2015,87
BEL116,05/29/2015,54
BEL116,05/30/2015,43
BEL116,05/31/2015,47
BEL116,06/01/2015,47
BEL116,06/02/2015,21
BEL116,06/03/2015,23
BEL116,06/04/2015,29
BEL116,06/05/2015,35
BEL116,06/06/2015,48
BEL116,06/07/2015,40
BEL116,06/08/2015,47
BEL116,06/09/2015,58
BEL116,06/10/2015,90
BEL116,06/11/2015,156
BEL116,06/12/2015,67
BEL116,06/13/2015,61
BEL116,06/14/2015,59
BEL116,06/15/2015,44
BEL116,06/16/2015,39
BEL116,06/17/2015,50
BEL116,06/18/2015,43
BEL116,06/19/2015,52
BEL116,06/20/2015,49
BEL116,06/21/2015,39
BEL116,06/22/2015,93
BEL116,06/23/2015,57
BEL116,06/24/2015,54
BEL116,06/25/2015,58
BEL116,06/26/2015,52
BEL116,06/27/2015,38
BEL116,06/28/2015,36
BEL116,06/29/2015,49
BEL116,06/30/2015,61
BEL116,07/01/2015,64
BEL116,07/02/2015,69
BEL116,07/03/2015,51
BEL116,07/04/2015,45
BEL116,07/05/2015,60
BEL116,07/06/2015,34
BEL116,07/07/2015,74
BEL116,07/08/2015,59
BEL116,07/09/2015,36
BEL116,07/10/2015,47
BEL116,07/11/2015,53
BEL116,07/12/2015,67
BEL116,07/13/2015,55
BEL116,07/14/2015,50
BEL116,07/15/2015,46
BEL116,07/16/2015,58
BEL116,07/17/2015,39
BEL116,07/18/2015,77
BEL116,07/19/2015,74
BEL116,07/20/2015,93
BEL116,07/21/2015,53
BEL116,07/22/2015,50
BEL116,07/23/2015,64
BEL116,07/24/2015,64
BEL116,07/25/2015,64
BEL116,07/26/2015,61
BEL116,07/27/2015,55
BEL116,07/28/2015,71
BEL116,07/29/2015,48
BEL116,07/30/2015,53
BEL116,07/31/2015,71
BEL116,08/01/2015,58
BEL116,08/02/2015,48
BEL116,08/03/2015,71
BEL116,08/04/2015,80
BEL116,08/05/2015,108
BEL116,08/06/2015,45
BEL116,08/07/2015,45
BEL116,08/08/2015,45
BEL116,08/09/2015,47
BEL116,08/10/2015,33
BEL116,08/11/2015,45
BEL116,08/12/2015,39
BEL116,08/13/2015,51
BEL116,08/14/2015,90
BEL116,08/15/2015,84
BEL116,08/16/2015,84
BEL116,08/17/2015,87
BEL116,08/18/2015,54
BEL116,08/19/2015,41
BEL116,08/20/2015,34
BEL116,08/21/2015,61
BEL116,08/22/2015,54
BEL116,08/23/2015,71
BEL116,08/24/2015,74
BEL116,08/25/2015,48
BEL116,08/26/2015,45
BEL116,08/27/2015,43
BEL116,08/28/2015,58
BEL116,08/29/2015,77
BEL116,08/30/2015,64
BEL116,08/31/2015,74
BEL116,09/01/2015,93
BEL116,09/02/2015,108
BEL116,09/03/2015,87
BEL116,09/04/2015,105
BEL116,09/05/2015,59
BEL116,09/06/2015,44
BEL116,09/07/2015,61
BEL116,09/08/2015,46
BEL116,09/09/2015,50
BEL116,09/10/2015,36
BEL116,09/11/2015,61
BEL116,09/12/2015,40
BEL116,09/13/2015,32
BEL116,09/14/2015,47
BEL116,09/15/2015,90
BEL116,09/16/2015,136
BEL116,09/17/2015,140
BEL116,09/18/2015,84
BEL116,09/19/2015,50
BEL116,09/20/2015,36
BEL116,09/21/2015,28
BEL116,09/22/2015,31
BEL116,09/23/2015,49
BEL116,09/24/2015,58
BEL116,09/25/2015,32
BEL116,09/26/2015,31
BEL116,09/27/2015,32
BEL116,09/28/2015,34
BEL116,09/29/2015,24
BEL116,09/30/2015,25
BEL116,10/01/2015,19
BEL116,10/02/2015,18
BEL116,10/03/2015,19
BEL116,10/04/2015,29
BEL116,10/05/2015,32
BEL116,10/06/2015,36
BEL116,10/07/2015,30
BEL116,10/08/2015,53
BEL116,10/09/2015,50
BEL116,10/10/2015,33
BEL116,10/11/2015,40
BEL116,10/12/2015,42
BEL116,10/13/2015,39
BEL116,10/14/2015,23
BEL116,10/15/2015,32
BEL116,10/16/2015,40
BEL116,10/17/2015,31
BEL116,10/18/2015,34
BEL116,10/19/2015,32
BEL116,10/20/2015,39
BEL116,10/21/2015,50
BEL116,10/22/2015,59
BEL116,10/23/2015,38
BEL116,10/24/2015,32
BEL116,10/25/2015,28
BEL116,10/26/2015,27
BEL116,10/27/2015,30
BEL116,10/28/2015,30
BEL116,10/29/2015,29
BEL116,10/30/2015,21
BEL116,10/31/2015,32
BEL116,11/01/2015,62
BEL116,11/02/2015,48
BEL116,11/03/2015,52
BEL116,11/04/2015,52
BEL116,11/05/2015,63
BEL116,11/06/2015,59
BEL116,11/07/2015,30
BEL116,11/08/2015,32
BEL116,11/09/2015,47
BEL116,11/10/2015,23
BEL116,11/11/2015,28
BEL116,11/12/2015,53
BEL116,11/13/2015,34
BEL116,11/14/2015,28
BEL116,11/15/2015,31
BEL116,11/16/2015,40
BEL116,11/17/2015,35
BEL116,11/18/2015,35
BEL116,11/19/2015,30
BEL116,11/20/2015,31
BEL116,11/21/2015,30
BEL116,11/22/2015,30
BEL116,11/23/2015,32
BEL116,11/24/2015,38
BEL116,11/25/2015,52
BEL116,11/26/2015,47
BEL116,11/27/2015,48
BEL116,11/28/2015,53
BEL116,11/29/2015,43
BEL116,11/30/2015,44
BEL116,12/01/2015,28
BEL116,12/02/2015,30
BEL116,12/03/2015,25
BEL116,12/04/2015,35
BEL116,12/05/2015,52
BEL116,12/06/2015,72
BEL116,12/07/2015,59
BEL116,12/08/2015,62
BEL116,12/09/2015,80
BEL116,12/10/2015,70
BEL116,12/11/2015,73
BEL116,12/12/2015,72
BEL116,12/13/2015,73
BEL116,12/14/2015,44
BEL116,12/15/2015,27
BEL116,12/16/2015,25
BEL116,12/17/2015,28
BEL116,12/18/2015,27
BEL116,12/19/2015,29
BEL116,12/20/2015,28
BEL116,12/21/2015,31
BEL116,12/22/2015,50
BEL116,12/23/2015,37
BEL116,12/24/2015,41
BEL116,12/25/2015,53
BEL116,12/26/2015,52
BEL116,12/27/2015,45
BEL116,12/28/2015,28
BEL116,12/29/2015,35
BEL116,12/30/2015,53
BEL116,12/31/2015,25
BEL116,01/01/2016,27
BEL116,01/02/2016,30
BEL116,01/03/2016,31
BEL116,01/04/2016,31
BEL116,01/05/2016,28
BEL116,01/06/2016,28
BEL116,01/07/2016,62
BEL116,01/08/2016,78
BEL116,01/09/2016,55
BEL116,01/10/2016,31
BEL116,01/11/2016,30
BEL116,01/12/2016,31
BEL116,01/13/2016,31
BEL116,01/14/2016,31
BEL116,01/15/2016,44
BEL116,01/16/2016,40
BEL116,01/17/2016,24
BEL116,01/18/2016,27
BEL116,01/19/2016,28
BEL116,01/20/2016,45
BEL116,01/21/2016,53
BEL116,01/22/2016,49
BEL116,01/23/2016,34
BEL116,01/24/2016,38
BEL116,01/25/2016,76
BEL116,01/26/2016,53
BEL116,01/27/2016,33
BEL116,01/28/2016,44
BEL116,01/29/2016,37
BEL116,01/30/2016,33
BEL116,01/31/2016,43
BEL116,02/01/2016,32
BEL116,02/02/2016,32
BEL116,02/03/2016,25
BEL116,02/04/2016,28
BEL116,02/05/2016,27
BEL116,02/06/2016,42
BEL116,02/07/2016,48
BEL116,02/08/2016,47
BEL116,02/09/2016,27
BEL116,02/10/2016,28
BEL116,02/11/2016,33
BEL116,02/12/2016,31
BEL116,02/13/2016,34
BEL116,02/14/2016,34
BEL116,02/15/2016,31
BEL116,02/16/2016,32
BEL116,02/17/2016,33
BEL116,02/18/2016,38
BEL116,02/19/2016,32
BEL116,02/20/2016,38
BEL116,02/21/2016,64
BEL116,02/22/2016,29
BEL116,02/23/2016,28
BEL116,02/24/2016,32
BEL116,02/25/2016,32
BEL116,02/26/2016,35
BEL116,02/27/2016,35
BEL116,02/28/2016,44
BEL116,02/29/2016,39
BEL116,03/01/2016,44
BEL116,03/02/2016,33
BEL116,03/03/2016,30
BEL116,03/04/2016,48
BEL116,03/05/2016,52
BEL116,03/06/2016,60
BEL116,03/07/2016,53
BEL116,03/08/2016,54
BEL116,03/09/2016,54
BEL116,03/10/2016,52
BEL116,03/11/2016,44
BEL116,03/12/2016,27
BEL116,03/13/2016,48
BEL116,03/14/2016,31
BEL116,03/15/2016,30
BEL116,03/16/2016,44
BEL116,03/17/2016,43
BEL116,03/18/2016,43
BEL116,03/19/2016,25
BEL116,03/20/2016,35
BEL116,03/21/2016,41
BEL116,03/22/2016,43
BEL116,03/23/2016,54
BEL116,03/24/2016,77
BEL116,03/25/2016,40
BEL116,03/26/2016,39
BEL116,03/27/2016,33
BEL116,03/28/2016,42
BEL116,03/29/2016,43
BEL116,03/30/2016,46
BEL116,03/31/2016,45
BEL116,04/01/2016,43
BEL116,04/02/2016,40
BEL116,04/03/2016,44
BEL116,04/04/2016,45
BEL116,04/05/2016,40
BEL116,04/06/2016,48
BEL116,04/07/2016,39
BEL116,04/08/2016,41
BEL116,04/09/2016,38
BEL116,04/10/2016,44
BEL116,04/11/2016,51
BEL116,04/12/2016,45
BEL116,04/13/2016,43
BEL116,04/14/2016,54
BEL116,04/15/2016,58
BEL116,04/16/2016,58
BEL116,04/17/2016,80
BEL116,04/18/2016,93
BEL116,04/19/2016,108
BEL116,04/20/2016,51
BEL116,04/21/2016,67
BEL116,04/22/2016,53
BEL116,04/23/2016,43
BEL116,04/24/2016,50
BEL116,04/25/2016,64
BEL116,04/26/2016,74
BEL116,04/27/2016,43
BEL116,04/28/2016,46
BEL116,04/29/2016,37
BEL116,04/30/2016,51
BEL116,05/01/2016,34
BEL116,05/02/2016,33
BEL116,05/03/2016,52
BEL116,05/04/2016,34
BEL116,05/05/2016,33
BEL116,05/06/2016,21
BEL116,05/07/2016,31
BEL116,05/08/2016,44
BEL116,05/09/2016,40
BEL116,05/10/2016,40
BEL116,05/11/2016,53
BEL116,05/12/2016,45
BEL116,05/13/2016,49
BEL116,05/14/2016,44
BEL116,05/15/2016,44
BEL116,05/16/2016,45
BEL116,05/17/2016,28
BEL116,05/18/2016,38
BEL116,05/19/2016,49
BEL116,05/20/2016,50
BEL116,05/21/2016,42
BEL116,05/22/2016,35
BEL116,05/23/2016,42
BEL116,05/24/2016,54
BEL116,05/25/2016,119
BEL116,05/26/2016,112
BEL116,05/27/2016,97
BEL116,05/28/2016,77
BEL116,05/29/2016,35
BEL116,05/30/2016,37
BEL116,05/31/2016,71
BEL116,06/01/2016,97
BEL116,06/02/2016,30
BEL116,06/03/2016,33
BEL116,06/04/2016,40
BEL116,06/05/2016,34
BEL116,06/06/2016,51
BEL116,06/07/2016,93
BEL116,06/08/2016,42
BEL116,06/09/2016,54
BEL116,06/10/2016,61
BEL116,06/11/2016,87
BEL116,06/12/2016,77
BEL116,06/13/2016,44
BEL116,06/14/2016,64
BEL116,06/15/2016,58
BEL116,06/16/2016,53
BEL116,06/17/2016,44
BEL116,06/18/2016,47
BEL116,06/19/2016,74
BEL116,06/20/2016,129
BEL116,06/21/2016,48
BEL116,06/22/2016,50
BEL116,06/23/2016,45
BEL116,06/24/2016,51
BEL116,06/25/2016,61
BEL116,06/26/2016,50
BEL116,06/27/2016,50
BEL116,06/28/2016,51
BEL116,06/29/2016,48
BEL116,06/30/2016,64
BEL116,07/01/2016,58
BEL116,07/02/2016,43
BEL116,07/03/2016,32
BEL116,07/04/2016,37
BEL116,07/05/2016,44
BEL116,07/06/2016,97
BEL116,07/07/2016,93
BEL116,07/08/2016,74
BEL116,07/09/2016,61
BEL116,07/10/2016,42
BEL116,07/11/2016,58
BEL116,07/12/2016,49
BEL116,07/13/2016,46
BEL116,07/14/2016,47
BEL116,07/15/2016,50
BEL116,07/16/2016,77
BEL116,07/17/2016,67
BEL116,07/18/2016,51
BEL116,07/19/2016,71
BEL116,07/20/2016,93
BEL116,07/21/2016,126
BEL116,07/22/2016,119
BEL116,07/23/2016,80
BEL116,07/24/2016,50
BEL116,07/25/2016,87
BEL116,07/26/2016,105
BEL116,07/27/2016,126
BEL116,07/28/2016,64
BEL116,07/29/2016,90
BEL116,07/30/2016,51
BEL116,07/31/2016,49
BEL116,08/01/2016,64
BEL116,08/02/2016,58
BEL116,08/03/2016,36
BEL116,08/04/2016,34
BEL116,08/05/2016,36
BEL116,08/06/2016,50
BEL116,08/07/2016,42
BEL116,08/08/2016,45
BEL116,08/09/2016,41
BEL116,08/10/2016,35
BEL116,08/11/2016,52
BEL116,08/12/2016,50
BEL116,08/13/2016,46
BEL116,08/14/2016,42
BEL116,08/15/2016,58
BEL116,08/16/2016,54
BEL116,08/17/2016,47
BEL116,08/18/2016,51
BEL116,08/19/2016,67
BEL116,08/20/2016,77
BEL116,08/21/2016,59
BEL116,08/22/2016,52
BEL116,08/23/2016,54
BEL116,08/24/2016,50
BEL116,08/25/2016,64
BEL116,08/26/2016,77
BEL116,08/27/2016,52
BEL116,08/28/2016,39
BEL116,08/29/2016,84
BEL116,08/30/2016,64
BEL116,08/31/2016,74
BEL116,09/01/2016,48
BEL116,09/02/2016,31
BEL116,09/03/2016,37
BEL116,09/04/2016,40
BEL116,09/05/2016,45
BEL116,09/06/2016,67
BEL116,09/07/2016,87
BEL116,09/08/2016,80
BEL116,09/09/2016,67
BEL116,09/10/2016,53
BEL116,09/11/2016,40
BEL116,09/12/2016,43
BEL116,09/13/2016,50
BEL116,09/14/2016,93
BEL116,09/15/2016,31
BEL116,09/16/2016,35
BEL116,09/17/2016,39
BEL116,09/18/2016,31
BEL116,09/19/2016,19
BEL116,09/20/2016,38
BEL116,09/21/2016,54
BEL116,09/22/2016,77
BEL116,09/23/2016,122
BEL116,09/24/2016,48
BEL116,09/25/2016,38
BEL116,09/26/2016,29
BEL116,09/27/2016,34
BEL116,09/28/2016,38
BEL116,09/29/2016,25
BEL116,09/30/2016,24
BEL116,10/01/2016,22
BEL116,10/02/2016,35
BEL116,10/03/2016,41
BEL116,10/04/2016,37
BEL116,10/05/2016,36
BEL116,10/06/2016,28
BEL116,10/07/2016,34
BEL116,10/08/2016,30
BEL116,10/09/2016,27
BEL116,10/10/2016,31
BEL116,10/11/2016,33
BEL116,10/12/2016,31
BEL116,10/13/2016,38
BEL116,10/14/2016,33
BEL116,10/15/2016,37
BEL116,10/16/2016,37
BEL116,10/17/2016,53
BEL116,10/18/2016,52
BEL116,10/19/2016,40
BEL116,10/20/2016,50
BEL116,10/21/2016,31
BEL116,10/22/2016,28
BEL116,10/23/2016,34
BEL116,10/24/2016,37
BEL116,10/25/2016,31
BEL116,10/26/2016,33
BEL116,10/27/2016,38
BEL116,10/28/2016,32
BEL116,10/29/2016,49
BEL116,10/30/2016,50
BEL116,10/31/2016,26
BEL116,11/01/2016,31
BEL116,11/02/2016,53
BEL116,11/03/2016,36
BEL116,11/04/2016,29
BEL116,11/05/2016,34
BEL116,11/06/2016,36
BEL116,11/07/2016,26
BEL116,11/08/2016,39
BEL116,11/09/2016,47
BEL116,11/10/2016,29
BEL116,11/11/2016,31
BEL116,11/12/2016,32
BEL116,11/13/2016,50
BEL116,11/14/2016,54
BEL116,11/15/2016,53
BEL116,11/16/2016,63
BEL116,11/17/2016,53
BEL116,11/18/2016,55
BEL116,11/19/2016,61
BEL116,11/20/2016,33
BEL116,11/21/2016,35
BEL116,11/22/2016,33
BEL116,11/23/2016,54
BEL116,11/24/2016,67
BEL116,11/25/2016,87
BEL116,11/26/2016,53
BEL116,11/27/2016,39
BEL116,11/28/2016,52
BEL116,11/29/2016,35
BEL116,11/30/2016,38
BEL116,12/01/2016,30
BEL116,12/02/2016,19
BEL116,12/03/2016,28
BEL116,12/04/2016,25
BEL116,12/05/2016,25
BEL116,12/06/2016,21
BEL116,12/07/2016,38
BEL116,12/08/2016,33
BEL116,12/09/2016,24
BEL116,12/10/2016,26
BEL116,12/11/2016,38
BEL116,12/12/2016,30
BEL116,12/13/2016,38
BEL116,12/14/2016,40
BEL116,12/15/2016,31
BEL116,12/16/2016,25
BEL116,12/17/2016,46
BEL116,12/18/2016,35
BEL116,12/19/2016,27
BEL116,12/20/2016,45
BEL116,12/21/2016,43
BEL116,12/22/2016,43
BEL116,12/23/2016,52
BEL116,12/24/2016,51
BEL116,12/25/2016,46
BEL116,12/26/2016,52
BEL116,12/27/2016,31
BEL116,12/28/2016,28
BEL116,12/29/2016,31
BEL116,12/30/2016,31
BEL116,12/31/2016,31
BEL116,01/01/2017,31
BEL116,01/02/2017,35
BEL116,01/03/2017,19
BEL116,01/04/2017,32
BEL116,01/05/2017,30
BEL116,01/06/2017,28
BEL116,01/07/2017,51
BEL116,01/08/2017,31
BEL116,01/09/2017,27
BEL116,01/10/2017,30
BEL116,01/11/2017,33
BEL116,01/12/2017,35
BEL116,01/13/2017,32
BEL116,01/14/2017,31
BEL116,01/15/2017,30
BEL116,01/16/2017,53
BEL116,01/17/2017,54
BEL116,01/18/2017,30
BEL116,01/19/2017,20
BEL116,01/20/2017,34
BEL116,01/21/2017,29
BEL116,01/22/2017,25
BEL116,01/23/2017,27
BEL116,01/24/2017,26
BEL116,01/25/2017,28
BEL116,01/26/2017,25
BEL116,01/27/2017,27
BEL116,01/28/2017,29
BEL116,01/29/2017,33
BEL116,01/30/2017,31
BEL116,01/31/2017,29
BEL116,02/01/2017,31
BEL116,02/02/2017,32
BEL116,02/03/2017,31
BEL116,02/04/2017,34
BEL116,02/05/2017,40
BEL116,02/06/2017,52
BEL116,02/07/2017,41
BEL116,02/08/2017,37
BEL116,02/09/2017,34
BEL116,02/10/2017,33
BEL116,02/11/2017,40
BEL116,02/12/2017,48
BEL116,02/13/2017,37
BEL116,02/14/2017,32
BEL116,02/15/2017,38
BEL116,02/16/2017,33
BEL116,02/17/2017,31
BEL116,02/18/2017,41
BEL116,02/19/2017,46
BEL116,02/20/2017,41
BEL116,02/21/2017,43
BEL116,02/22/2017,40
BEL116,02/23/2017,42
BEL116,02/24/2017,44
BEL116,02/25/2017,37
BEL116,02/26/2017,36
BEL116,02/27/2017,33
BEL116,02/28/2017,39
BEL116,03/01/2017,37
BEL116,03/02/2017,39
BEL116,03/03/2017,37
BEL116,03/04/2017,41
BEL116,03/05/2017,40
BEL116,03/06/2017,41
BEL116,03/07/2017,48
BEL116,03/08/2017,46
BEL116,03/09/2017,58
BEL116,03/10/2017,40
BEL116,03/11/2017,41
BEL116,03/12/2017,42
BEL116,03/13/2017,41
BEL116,03/14/2017,37
BEL116,03/15/2017,41
BEL116,03/16/2017,44
BEL116,03/17/2017,47
BEL116,03/18/2017,47
BEL116,03/19/2017,49
BEL116,03/20/2017,43
BEL116,03/21/2017,43
BEL116,03/22/2017,44
BEL116,03/23/2017,42
BEL116,03/24/2017,49
BEL116,03/25/2017,61
BEL116,03/26/2017,41
BEL116,03/27/2017,39
BEL116,03/28/2017,44
BEL116,03/29/2017,43
BEL116,03/30/2017,43
BEL116,03/31/2017,35
BEL116,04/01/2017,33
BEL116,04/02/2017,47
BEL116,04/03/2017,46
BEL116,04/04/2017,45
BEL116,04/05/2017,58
BEL116,04/06/2017,40
BEL116,04/07/2017,34
BEL116,04/08/2017,49
BEL116,04/09/2017,74
BEL116,04/10/2017,84
BEL116,04/11/2017,101
BEL116,04/12/2017,51
BEL116,04/13/2017,48
BEL116,04/14/2017,58
BEL116,04/15/2017,50
BEL116,04/16/2017,51
BEL116,04/17/2017,42
BEL116,04/18/2017,50
BEL116,04/19/2017,37
BEL116,04/20/2017,42
BEL116,04/21/2017,52
BEL116,04/22/2017,51
BEL116,04/23/2017,30
BEL116,04/24/2017,31
BEL116,04/25/2017,31
BEL116,04/26/2017,25
BEL116,04/27/2017,49
BEL116,04/28/2017,71
BEL116,04/29/2017,48
BEL116,04/30/2017,51
BEL116,05/01/2017,34
BEL116,05/02/2017,49
BEL116,05/03/2017,42
BEL116,05/04/2017,44
BEL116,05/05/2017,39
BEL116,05/06/2017,30
BEL116,05/07/2017,38
BEL116,05/08/2017,46
BEL116,05/09/2017,49
BEL116,05/10/2017,87
BEL116,05/11/2017,39
BEL116,05/12/2017,31
BEL116,05/13/2017,29
BEL116,05/14/2017,64
BEL116,05/15/2017,42
BEL116,05/16/2017,80
BEL116,05/17/2017,119
BEL116,05/18/2017,105
BEL116,05/19/2017,51
BEL116,05/20/2017,36
BEL116,05/21/2017,38
BEL116,05/22/2017,21
BEL116,05/23/2017,35
BEL116,05/24/2017,43
BEL116,05/25/2017,39
BEL116,05/26/2017,43
BEL116,05/27/2017,37
BEL116,05/28/2017,38
BEL116,05/29/2017,41
BEL116,05/30/2017,31
BEL116,05/31/2017,54
BEL116,06/01/2017,71
BEL116,06/02/2017,58
BEL116,06/03/2017,64
BEL116,06/04/2017,67
BEL116,06/05/2017,44
BEL116,06/06/2017,44
BEL116,06/07/2017,29
BEL116,06/08/2017,48
BEL116,06/09/2017,54
BEL116,06/10/2017,100
BEL116,06/11/2017,71
BEL116,06/12/2017,112
BEL116,06/13/2017,105
BEL116,06/14/2017,97
BEL116,06/15/2017,46
BEL116,06/16/2017,45
BEL116,06/17/2017,33
BEL116,06/18/2017,39
BEL116,06/19/2017,32
BEL116,06/20/2017,54
BEL116,06/21/2017,71
BEL116,06/22/2017,64
BEL116,06/23/2017,33
BEL116,06/24/2017,48
BEL116,06/25/2017,45
BEL116,06/26/2017,50
BEL116,06/27/2017,49
BEL116,06/28/2017,54
BEL116,06/29/2017,84
BEL116,06/30/2017,58
BEL116,07/01/2017,34
BEL116,07/02/2017,64
BEL116,07/03/2017,80
BEL116,07/04/2017,61
BEL116,07/05/2017,54
BEL116,07/06/2017,29
BEL116,07/07/2017,47
BEL116,07/08/2017,61
BEL116,07/09/2017,47
BEL116,07/10/2017,54
BEL116,07/11/2017,54
BEL116,07/12/2017,61
BEL116,07/13/2017,54
BEL116,07/14/2017,64
BEL116,07/15/2017,50
BEL116,07/16/2017,51
BEL116,07/17/2017,44
BEL116,07/18/2017,43
BEL116,07/19/2017,97
BEL116,07/20/2017,133
BEL116,07/21/2017,87
BEL116,07/22/2017,71
BEL116,07/23/2017,44
BEL116,07/24/2017,67
BEL116,07/25/2017,33
BEL116,07/26/2017,44
BEL116,07/27/2017,54
BEL116,07/28/2017,38
BEL116,07/29/2017,35
BEL116,07/30/2017,44
BEL116,07/31/2017,71
BEL116,08/01/2017,77
BEL116,08/02/2017,58
BEL116,08/03/2017,45
BEL116,08/04/2017,47
BEL116,08/05/2017,34
BEL116,08/06/2017,41
BEL116,08/07/2017,27
BEL116,08/08/2017,37
BEL116,08/09/2017,54
BEL116,08/10/2017,48
BEL116,08/11/2017,35
BEL116,08/12/2017,34
BEL116,08/13/2017,39
BEL116,08/14/2017,36
BEL116,08/15/2017,33
BEL116,08/16/2017,97
BEL116,08/17/2017,52
BEL116,08/18/2017,36
BEL116,08/19/2017,51
BEL116,08/20/2017,48
BEL116,08/21/2017,44
BEL116,08/22/2017,64
BEL116,08/23/2017,42
BEL116,08/24/2017,47
BEL116,08/25/2017,47
BEL116,08/26/2017,42
BEL116,08/27/2017,44
BEL116,08/28/2017,37
BEL116,08/29/2017,22
BEL116,08/30/2017,44
BEL116,08/31/2017,54
BEL116,09/01/2017,30
BEL116,09/02/2017,31
BEL116,09/03/2017,29
BEL116,09/04/2017,52
BEL116,09/05/2017,58
BEL116,09/06/2017,51
BEL116,09/07/2017,32
BEL116,09/08/2017,35
BEL116,09/09/2017,31
BEL116,09/10/2017,26
BEL116,09/11/2017,30
BEL116,09/12/2017,41
BEL116,09/13/2017,26
BEL116,09/14/2017,42
BEL116,09/15/2017,40
BEL116,09/16/2017,48
BEL116,09/17/2017,39
BEL116,09/18/2017,34
BEL116,09/19/2017,51
BEL116,09/20/2017,43
BEL116,09/21/2017,36
BEL116,09/22/2017,37
BEL116,09/23/2017,42
BEL116,09/24/2017,50
BEL116,09/25/2017,54
BEL116,09/26/2017,37
BEL116,09/27/2017,37
BEL116,09/28/2017,41
BEL116,09/29/2017,39
BEL116,09/30/2017,32
BEL116,10/01/2017,34
BEL116,10/02/2017,48
BEL116,10/03/2017,40
BEL116,10/04/2017,44
BEL116,10/05/2017,50
BEL116,10/06/2017,71
BEL116,10/07/2017,34
BEL116,10/08/2017,19
BEL116,10/09/2017,20
BEL116,10/10/2017,34
BEL116,10/11/2017,31
BEL116,10/12/2017,29
BEL116,10/13/2017,27
BEL116,10/14/2017,23
BEL116,10/15/2017,32
BEL116,10/16/2017,30
BEL116,10/17/2017,27
BEL116,10/18/2017,35
BEL116,10/19/2017,42
BEL116,10/20/2017,50
BEL116,10/21/2017,42
BEL116,10/22/2017,50
BEL116,10/23/2017,38
BEL116,10/24/2017,34
BEL116,10/25/2017,34
BEL116,10/26/2017,29
BEL116,10/27/2017,42
BEL116,10/28/2017,44
BEL116,10/29/2017,31
BEL116,10/30/2017,30
BEL116,10/31/2017,30
BEL116,11/01/2017,40
BEL116,11/02/2017,45
BEL116,11/03/2017,42
BEL116,11/04/2017,30
BEL116,11/05/2017,38
BEL116,11/06/2017,38
BEL116,11/07/2017,28
BEL116,11/08/2017,30
BEL116,11/09/2017,54
BEL116,11/10/2017,34
BEL116,11/11/2017,41
BEL116,11/12/2017,64
BEL116,11/13/2017,72
BEL116,11/14/2017,53
BEL116,11/15/2017,52
BEL116,11/16/2017,37
BEL116,11/17/2017,28
BEL116,11/18/2017,37
BEL116,11/19/2017,28
BEL116,11/20/2017,31
BEL116,11/21/2017,32
BEL116,11/22/2017,30
BEL116,11/23/2017,30
BEL116,11/24/2017,58
BEL116,11/25/2017,38
BEL116,11/26/2017,32
BEL116,11/27/2017,32
BEL116,11/28/2017,42
BEL116,11/29/2017,40
BEL116,11/30/2017,33
BEL116,12/01/2017,52
BEL116,12/02/2017,53
BEL116,12/03/2017,67
BEL116,12/04/2017,76
BEL116,12/05/2017,52
BEL116,12/06/2017,30
BEL116,12/07/2017,30
BEL116,12/08/2017,34
BEL116,12/09/2017,51
BEL116,12/10/2017,47
BEL116,12/11/2017,34
BEL116,12/12/2017,35
BEL116,12/13/2017,32
BEL116,12/14/2017,29
BEL116,12/15/2017,40
BEL116,12/16/2017,52
BEL116,12/17/2017,59
BEL116,12/18/2017,58
BEL116,12/19/2017,33
BEL116,12/20/2017,38
BEL116,12/21/2017,29
BEL116,12/22/2017,40
BEL116,12/23/2017,38
BEL116,12/24/2017,28
BEL116,12/25/2017,31
BEL116,12/26/2017,32
BEL116,12/27/2017,30
BEL116,12/28/2017,31
BEL116,12/29/2017,44
BEL116,12/30/2017,56
BEL116,12/31/2017,33
BEL116,01/01/2018,32
BEL116,01/02/2018,36
BEL116,01/03/2018,57
BEL116,01/04/2018,35
BEL116,01/05/2018,33
BEL116,01/06/2018,32
BEL116,01/07/2018,32
BEL116,01/08/2018,44
BEL116,01/09/2018,54
BEL116,01/10/2018,65
BEL116,01/11/2018,53
BEL116,01/12/2018,28
BEL116,01/13/2018,35
BEL116,01/14/2018,34
BEL116,01/15/2018,52
BEL116,01/16/2018,59
BEL116,01/17/2018,59
BEL116,01/18/2018,33
BEL116,01/19/2018,37
BEL116,01/20/2018,48
BEL116,01/21/2018,38
BEL116,01/22/2018,35
BEL116,01/23/2018,32
BEL116,01/24/2018,28
BEL116,01/25/2018,31
BEL116,01/26/2018,39
BEL116,01/27/2018,39
BEL116,01/28/2018,41
BEL116,01/29/2018,39
BEL116,01/30/2018,32
BEL116,01/31/2018,31
BEL116,02/01/2018,31
BEL116,02/02/2018,30
BEL116,02/03/2018,31
BEL116,02/04/2018,28
BEL116,02/05/2018,36
BEL116,02/06/2018,37
BEL116,02/07/2018,58
BEL116,02/08/2018,47
BEL116,02/09/2018,52
BEL116,02/10/2018,43
BEL116,02/11/2018,20
BEL116,02/12/2018,37
BEL116,02/13/2018,38
BEL116,02/14/2018,48
BEL116,02/15/2018,33
BEL116,02/16/2018,34
BEL116,02/17/2018,32
BEL116,02/18/2018,34
BEL116,02/19/2018,35
BEL116,02/20/2018,31
BEL116,02/21/2018,25
BEL116,02/22/2018,25
BEL116,02/23/2018,28
BEL116,02/24/2018,39
BEL116,02/25/2018,34
BEL116,02/26/2018,30
BEL116,02/27/2018,39
BEL116,02/28/2018,37
BEL116,03/01/2018,43
BEL116,03/02/2018,18
BEL116,03/03/2018,42
BEL116,03/04/2018,43
BEL116,03/05/2018,40
BEL116,03/06/2018,35
BEL116,03/07/2018,31
BEL116,03/08/2018,39
BEL116,03/09/2018,36
BEL116,03/10/2018,41
BEL116,03/11/2018,44
BEL116,03/12/2018,39
BEL116,03/13/2018,41
BEL116,03/14/2018,35
BEL116,03/15/2018,42
BEL116,03/16/2018,39
BEL116,03/17/2018,36
BEL116,03/18/2018,45
BEL116,03/19/2018,45
BEL116,03/20/2018,34
BEL116,03/21/2018,40
BEL116,03/22/2018,42
BEL116,03/23/2018,46
BEL116,03/24/2018,44
BEL116,03/25/2018,42
BEL116,03/26/2018,44
BEL116,03/27/2018,44
BEL116,03/28/2018,47
BEL116,03/29/2018,57
BEL116,03/30/2018,42
BEL116,03/31/2018,45
BEL116,04/01/2018,43
BEL116,04/02/2018,32
BEL116,04/03/2018,37
BEL116,04/04/2018,44
BEL116,04/05/2018,44
BEL116,04/06/2018,64
BEL116,04/07/2018,47
BEL116,04/08/2018,47
BEL116,04/09/2018,45
BEL116,04/10/2018,54
BEL116,04/11/2018,55
BEL116,04/12/2018,68
BEL116,04/13/2018,100
BEL116,04/14/2018,75
BEL116,04/15/2018,52
BEL116,04/16/2018,46
BEL116,04/17/2018,38
BEL116,04/18/2018,47
BEL116,04/19/2018,46
BEL116,04/20/2018,49
BEL116,04/21/2018,51
BEL116,04/22/2018,67
BEL116,04/23/2018,61
BEL116,04/24/2018,49
BEL116,04/25/2018,39
BEL116,04/26/2018,51
BEL116,04/27/2018,45
BEL116,04/28/2018,67
BEL116,04/29/2018,42
BEL116,04/30/2018,64
BEL116,05/01/2018,100
BEL116,05/02/2018,108
BEL116,05/03/2018,77
BEL116,05/04/2018,93
BEL116,05/05/2018,49
BEL116,05/06/2018,43
BEL116,05/07/2018,77
BEL116,05/08/2018,54
BEL116,05/09/2018,80
BEL116,05/10/2018,51
BEL116,05/11/2018,77
BEL116,05/12/2018,77
BEL116,05/13/2018,43
BEL116,05/14/2018,37
BEL116,05/15/2018,54
BEL116,05/16/2018,32
BEL116,05/17/2018,22
BEL116,05/18/2018,31
BEL116,05/19/2018,28
BEL116,05/20/2018,44
BEL116,05/21/2018,54
BEL116,05/22/2018,32
BEL116,05/23/2018,44
BEL116,05/24/2018,80
BEL116,05/25/2018,71
BEL116,05/26/2018,49
BEL116,05/27/2018,41
BEL116,05/28/2018,23
BEL116,05/29/2018,48
BEL116,05/30/2018,26
BEL116,05/31/2018,31
BEL116,06/01/2018,84
BEL116,06/02/2018,42
BEL116,06/03/2018,35
BEL116,06/04/2018,38
BEL116,06/05/2018,54
BEL116,06/06/2018,40
BEL116,06/07/2018,50
BEL116,06/08/2018,84
BEL116,06/09/2018,67
BEL116,06/10/2018,43
BEL116,06/11/2018,31
BEL116,06/12/2018,39
BEL116,06/13/2018,44
BEL116,06/14/2018,49
BEL116,06/15/2018,51
BEL116,06/16/2018,93
BEL116,06/17/2018,67
BEL116,06/18/2018,150
BEL116,06/19/2018,48
BEL116,06/20/2018,50
BEL116,06/21/2018,46
BEL116,06/22/2018,35
BEL116,06/23/2018,36
BEL116,06/24/2018,44
BEL116,06/25/2018,39
BEL116,06/26/2018,45
BEL116,06/27/2018,30
BEL116,06/28/2018,54
BEL116,06/29/2018,97
BEL116,06/30/2018,133
BEL116,07/01/2018,67
BEL116,07/02/2018,90
BEL116,07/03/2018,105
BEL116,07/04/2018,47
BEL116,07/05/2018,29
BEL116,07/06/2018,44
BEL116,07/07/2018,61
BEL116,07/08/2018,61
BEL116,07/09/2018,166
BEL116,07/10/2018,133
BEL116,07/11/2018,93
BEL116,07/12/2018,84
BEL116,07/13/2018,45
BEL116,07/14/2018,64
BEL116,07/15/2018,64
BEL116,07/16/2018,108
BEL116,07/17/2018,74
BEL116,07/18/2018,42
BEL116,07/19/2018,61
BEL116,07/20/2018,93
BEL116,07/21/2018,29
BEL116,07/22/2018,38
BEL116,07/23/2018,32
BEL116,07/24/2018,24
BEL116,07/25/2018,34
BEL116,07/26/2018,64
BEL116,07/27/2018,67
BEL116,07/28/2018,48
BEL116,07/29/2018,46
BEL116,07/30/2018,41
BEL116,07/31/2018,31
BEL116,08/01/2018,39
BEL116,08/02/2018,24
BEL116,08/03/2018,25
BEL116,08/04/2018,44
BEL116,08/05/2018,54
BEL116,08/06/2018,90
BEL116,08/07/2018,64
BEL116,08/08/2018,74
BEL116,08/09/2018,54
BEL116,08/10/2018,108
BEL116,08/11/2018,51
BEL116,08/12/2018,47
BEL116,08/13/2018,51
BEL116,08/14/2018,44
BEL116,08/15/2018,67
BEL116,08/16/2018,80
BEL116,08/17/2018,51
BEL116,08/18/2018,43
BEL116,08/19/2018,36
BEL116,08/20/2018,27
BEL116,08/21/2018,30
BEL116,08/22/2018,42
BEL116,08/23/2018,32
BEL116,08/24/2018,44
BEL116,08/25/2018,44
BEL116,08/26/2018,50
BEL116,08/27/2018,77
BEL116,08/28/2018,50
BEL116,08/29/2018,54
BEL116,08/30/2018,67
BEL116,08/31/2018,43
BEL116,09/01/2018,32
BEL116,09/02/2018,54
BEL116,09/03/2018,44
BEL116,09/04/2018,74
BEL116,09/05/2018,71
BEL116,09/06/2018,97
BEL116,09/07/2018,93
BEL116,09/08/2018,19
BEL116,09/09/2018,26
BEL116,09/10/2018,22
BEL116,09/11/2018,16
BEL116,09/12/2018,23
BEL116,09/13/2018,17
BEL116,09/14/2018,19
BEL116,09/15/2018,25
BEL116,09/16/2018,23
BEL116,09/17/2018,26
BEL116,09/18/2018,25
BEL116,09/19/2018,46
BEL116,09/20/2018,35
BEL116,09/21/2018,28
BEL116,09/22/2018,32
BEL116,09/23/2018,28
BEL116,09/24/2018,27
BEL116,09/25/2018,25
BEL116,09/26/2018,41
BEL116,09/27/2018,26
BEL116,09/28/2018,35
BEL116,09/29/2018,45
BEL116,09/30/2018,39
BEL116,10/01/2018,42
BEL116,10/02/2018,45
BEL116,10/03/2018,39
BEL116,10/04/2018,37
BEL116,10/05/2018,22
BEL116,10/06/2018,24
BEL116,10/07/2018,31
BEL116,10/08/2018,31
BEL116,10/09/2018,31
BEL116,10/10/2018,29
BEL116,10/11/2018,20
BEL116,10/12/2018,31
BEL116,10/13/2018,31
BEL116,10/14/2018,20
BEL116,10/15/2018,27
BEL116,10/16/2018,27
BEL116,10/17/2018,34
BEL116,10/18/2018,31
BEL116,10/19/2018,37
BEL116,10/20/2018,30
BEL116,10/21/2018,27
BEL116,10/22/2018,28
BEL116,10/23/2018,39
BEL116,10/24/2018,25
BEL116,10/25/2018,26
BEL116,10/26/2018,26
BEL116,10/27/2018,28
BEL116,10/28/2018,24
BEL116,10/29/2018,25
BEL116,10/30/2018,31
BEL116,10/31/2018,38
BEL116,11/01/2018,38
BEL116,11/02/2018,29
BEL116,11/03/2018,24
BEL116,11/04/2018,28
BEL116,11/05/2018,22
BEL116,11/06/2018,14
BEL116,11/07/2018,20
BEL116,11/08/2018,23
BEL116,11/09/2018,15
BEL116,11/10/2018,31
BEL116,11/11/2018,24
BEL116,11/12/2018,31
BEL116,11/13/2018,22
BEL116,11/14/2018,29
BEL116,11/15/2018,26
BEL116,11/16/2018,23
BEL116,11/17/2018,22
BEL116,11/18/2018,24
BEL116,11/19/2018,54
BEL116,11/20/2018,35
BEL116,11/21/2018,28
BEL116,11/22/2018,32
BEL116,11/23/2018,30
BEL116,11/24/2018,25
BEL116,11/25/2018,27
BEL116,11/26/2018,28
BEL116,11/27/2018,25
BEL116,11/28/2018,24
BEL116,11/29/2018,28
BEL116,11/30/2018,49
BEL116,12/01/2018,65
BEL116,12/02/2018,24
BEL116,12/03/2018,26
BEL116,12/04/2018,27
BEL116,12/05/2018,25
BEL116,12/06/2018,24
BEL116,12/07/2018,27
BEL116,12/08/2018,43
BEL116,12/09/2018,51
BEL116,12/10/2018,55
BEL116,12/11/2018,56
BEL116,12/12/2018,59
BEL116,12/13/2018,52
BEL116,12/14/2018,59
BEL116,12/15/2018,22
BEL116,12/16/2018,25
BEL116,12/17/2018,29
BEL116,12/18/2018,33
BEL116,12/19/2018,39
BEL116,12/20/2018,36
BEL116,12/21/2018,34
BEL116,12/22/2018,20
BEL116,12/23/2018,24
BEL116,12/24/2018,30
BEL116,12/25/2018,27
BEL116,12/26/2018,52
BEL116,12/27/2018,44
BEL116,12/28/2018,23
BEL116,12/29/2018,24
BEL116,12/30/2018,28
BEL116,12/31/2018,30
BEL116,01/01/2019,26
BEL116,01/02/2019,26
BEL116,01/03/2019,28
BEL116,01/04/2019,46
BEL116,01/05/2019,20
BEL116,01/06/2019,31
BEL116,01/07/2019,29
BEL116,01/08/2019,30
BEL116,01/09/2019,30
BEL116,01/10/2019,30
BEL116,01/11/2019,34
BEL116,01/12/2019,29
BEL116,01/13/2019,39
BEL116,01/14/2019,37
BEL116,01/15/2019,53
BEL116,01/16/2019,56
BEL116,01/17/2019,25
BEL116,01/18/2019,54
BEL116,01/19/2019,53
BEL116,01/20/2019,36
BEL116,01/21/2019,34
BEL116,01/22/2019,28
BEL116,01/23/2019,31
BEL116,01/24/2019,31
BEL116,01/25/2019,33
BEL116,01/26/2019,37
BEL116,01/27/2019,38
BEL116,01/28/2019,32
BEL116,01/29/2019,44
BEL116,01/30/2019,34
BEL116,01/31/2019,33
BEL116,02/01/2019,55
BEL116,02/02/2019,72
BEL116,02/03/2019,67
BEL116,02/04/2019,63
BEL116,02/05/2019,39
BEL116,02/06/2019,37
BEL116,02/07/2019,34
BEL116,02/08/2019,33
BEL116,02/09/2019,35
BEL116,02/10/2019,41
BEL116,02/11/2019,32
BEL116,02/12/2019,32
BEL116,02/13/2019,33
BEL116,02/14/2019,34
BEL116,02/15/2019,40
BEL116,02/16/2019,38
BEL116,02/17/2019,33
BEL116,02/18/2019,30
BEL116,02/19/2019,39
BEL116,02/20/2019,33
BEL116,02/21/2019,40
BEL116,02/22/2019,40
BEL116,02/23/2019,50
BEL116,02/24/2019,41
BEL116,02/25/2019,43
BEL116,02/26/2019,39
BEL116,02/27/2019,33
BEL116,02/28/2019,43
BEL116,03/01/2019,40
BEL116,03/02/2019,40
BEL116,03/03/2019,48
BEL116,03/04/2019,44
BEL116,03/05/2019,39
BEL116,03/06/2019,39
BEL116,03/07/2019,42
BEL116,03/08/2019,50
BEL116,03/09/2019,47
BEL116,03/10/2019,34
BEL116,03/11/2019,44
BEL116,03/12/2019,50
BEL116,03/13/2019,51
BEL116,03/14/2019,49
BEL116,03/15/2019,40
BEL116,03/16/2019,44
BEL116,03/17/2019,44
BEL116,03/18/2019,40
BEL116,03/19/2019,44
BEL116,03/20/2019,48
BEL116,03/21/2019,38
BEL116,03/22/2019,41
BEL116,03/23/2019,42
BEL116,03/24/2019,48
BEL116,03/25/2019,44
BEL116,03/26/2019,42
BEL116,03/27/2019,43
BEL116,03/28/2019,50
BEL116,03/29/2019,44
BEL116,03/30/2019,77
BEL116,03/31/2019,42
BEL116,04/01/2019,44
BEL116,04/02/2019,44
BEL116,04/03/2019,51
BEL116,04/04/2019,54
BEL116,04/05/2019,41
BEL116,04/06/2019,48
BEL116,04/07/2019,51
BEL116,04/08/2019,41
BEL116,04/09/2019,50
BEL116,04/10/2019,51
BEL116,04/11/2019,41
BEL116,04/12/2019,44
BEL116,04/13/2019,45
BEL116,04/14/2019,29
BEL116,04/15/2019,40
BEL116,04/16/2019,47
BEL116,04/17/2019,49
BEL116,04/18/2019,61
BEL116,04/19/2019,37
BEL116,04/20/2019,42
BEL116,04/21/2019,39
BEL116,04/22/2019,41
BEL116,04/23/2019,51
BEL116,04/24/2019,51
BEL116,04/25/2019,48
BEL116,04/26/2019,43
BEL116,04/27/2019,50
BEL116,04/28/2019,39
BEL116,04/29/2019,42
BEL116,04/30/2019,74
BEL116,05/01/2019,44
BEL116,05/02/2019,44
BEL116,05/03/2019,43
BEL116,05/04/2019,54
BEL116,05/05/2019,26
BEL116,05/06/2019,42
BEL116,05/07/2019,46
BEL116,05/08/2019,40
BEL116,05/09/2019,41
BEL116,05/10/2019,39
BEL116,05/11/2019,34
BEL116,05/12/2019,38
BEL116,05/13/2019,32
BEL116,05/14/2019,35
BEL116,05/15/2019,45
BEL116,05/16/2019,54
BEL116,05/17/2019,51
BEL116,05/18/2019,67
BEL116,05/19/2019,48
BEL116,05/20/2019,50
BEL116,05/21/2019,39
BEL116,05/22/2019,42
BEL116,05/23/2019,48
BEL116,05/24/2019,51
BEL116,05/25/2019,40
BEL116,05/26/2019,46
BEL116,05/27/2019,44
BEL116,05/28/2019,46
BEL116,05/29/2019,54
BEL116,05/30/2019,47
BEL116,05/31/2019,64
BEL116,06/01/2019,74
BEL116,06/02/2019,52
BEL116,06/03/2019,41
BEL116,06/04/2019,49
BEL116,06/05/2019,55
BEL116,06/06/2019,61
BEL116,06/07/2019,48
BEL116,06/08/2019,61
BEL116,06/09/2019,37
BEL116,06/10/2019,28
BEL116,06/11/2019,38
BEL116,06/12/2019,44
BEL116,06/13/2019,38
BEL116,06/14/2019,35
BEL116,06/15/2019,50
BEL116,06/16/2019,51
BEL116,06/17/2019,74
BEL116,06/18/2019,38
BEL116,06/19/2019,40
BEL116,06/20/2019,44
BEL116,06/21/2019,40
BEL116,06/22/2019,37
BEL116,06/23/2019,44
BEL116,06/24/2019,64
BEL116,06/25/2019,47
BEL116,06/26/2019,77
BEL116,06/27/2019,97
BEL116,06/28/2019,119
BEL116,06/29/2019,64
BEL116,06/30/2019,44
BEL116,07/01/2019,45
BEL116,07/02/2019,101
BEL116,07/03/2019,58
BEL116,07/04/2019,44
BEL116,07/05/2019,53
BEL116,07/06/2019,50
BEL116,07/07/2019,43
BEL116,07/08/2019,34
BEL116,07/09/2019,51
BEL116,07/10/2019,50
BEL116,07/11/2019,36
BEL116,07/12/2019,58
BEL116,07/13/2019,74
BEL116,07/14/2019,58
BEL116,07/15/2019,64
BEL116,07/16/2019,119
BEL116,07/17/2019,50
BEL116,07/18/2019,44
BEL116,07/19/2019,61
BEL116,07/20/2019,52
BEL116,07/21/2019,48
BEL116,07/22/2019,64
BEL116,07/23/2019,25
BEL116,07/24/2019,41
BEL116,07/25/2019,44
BEL116,07/26/2019,61
BEL116,07/27/2019,87
BEL116,07/28/2019,64
BEL116,07/29/2019,84
BEL116,07/30/2019,115
BEL116,07/31/2019,93
BEL116,08/01/2019,87
BEL116,08/02/2019,67
BEL116,08/03/2019,54
BEL116,08/04/2019,54
BEL116,08/05/2019,80
BEL116,08/06/2019,122
BEL116,08/07/2019,58
BEL116,08/08/2019,64
BEL116,08/09/2019,51
BEL116,08/10/2019,46
BEL116,08/11/2019,42
BEL116,08/12/2019,90
BEL116,08/13/2019,52
BEL116,08/14/2019,54
BEL116,08/15/2019,50
BEL116,08/16/2019,44
BEL116,08/17/2019,46
BEL116,08/18/2019,44
BEL116,08/19/2019,64
BEL116,08/20/2019,71
BEL116,08/21/2019,46
BEL116,08/22/2019,77
BEL116,08/23/2019,20
BEL116,08/24/2019,30
BEL116,08/25/2019,34
BEL116,08/26/2019,30
BEL116,08/27/2019,33
BEL116,08/28/2019,30
BEL116,08/29/2019,44
BEL116,08/30/2019,74
BEL116,08/31/2019,67
BEL116,09/01/2019,45
BEL116,09/02/2019,42
BEL116,09/03/2019,58
BEL116,09/04/2019,48
BEL116,09/05/2019,44
BEL116,09/06/2019,30
BEL116,09/07/2019,42
BEL116,09/08/2019,48
BEL116,09/09/2019,47
BEL116,09/10/2019,46
BEL116,09/11/2019,112
BEL116,09/12/2019,61
BEL116,09/13/2019,27
BEL116,09/14/2019,33
BEL116,09/15/2019,51
BEL116,09/16/2019,77
BEL116,09/17/2019,51
BEL116,09/18/2019,50
BEL116,09/19/2019,44
BEL116,09/20/2019,54
BEL116,09/21/2019,90
BEL116,09/22/2019,84
BEL116,09/23/2019,74
BEL116,09/24/2019,37
BEL116,09/25/2019,64
BEL116,09/26/2019,61
BEL116,09/27/2019,50
BEL116,09/28/2019,45
BEL116,09/29/2019,51
BEL116,09/30/2019,30
BEL116,10/01/2019,49
BEL116,10/02/2019,58
BEL116,10/03/2019,26
BEL116,10/04/2019,32
BEL116,10/05/2019,35
BEL116,10/06/2019,32
BEL116,10/07/2019,39
BEL116,10/08/2019,31
BEL116,10/09/2019,26
BEL116,10/10/2019,38
BEL116,10/11/2019,46
BEL116,10/12/2019,39
BEL116,10/13/2019,34
BEL116,10/14/2019,44
BEL116,10/15/2019,48
BEL116,10/16/2019,31
BEL116,10/17/2019,31
BEL116,10/18/2019,32
BEL116,10/19/2019,33
BEL116,10/20/2019,33
BEL116,10/21/2019,43
BEL116,10/22/2019,25
BEL116,10/23/2019,36
BEL116,10/24/2019,38
BEL116,10/25/2019,41
BEL116,10/26/2019,43
BEL116,10/27/2019,32
BEL116,10/28/2019,39
BEL116,10/29/2019,34
BEL116,10/30/2019,30
BEL116,10/31/2019,26
BEL116,11/01/2019,29
BEL116,11/02/2019,40
BEL116,11/03/2019,39
BEL116,11/04/2019,37
BEL116,11/05/2019,38
BEL116,11/06/2019,32
BEL116,11/07/2019,35
BEL116,11/08/2019,31
BEL116,11/09/2019,29
BEL116,11/10/2019,52
BEL116,11/11/2019,57
BEL116,11/12/2019,29
BEL116,11/13/2019,32
BEL116,11/14/2019,42
BEL116,11/15/2019,32
BEL116,11/16/2019,36
BEL116,11/17/2019,30
BEL116,11/18/2019,21
BEL116,11/19/2019,48
BEL116,11/20/2019,58
BEL116,11/21/2019,38
BEL116,11/22/2019,33
BEL116,11/23/2019,21
BEL116,11/24/2019,33
BEL116,11/25/2019,33
BEL116,11/26/2019,40
BEL116,11/27/2019,42
BEL116,11/28/2019,26
BEL116,11/29/2019,31
BEL116,11/30/2019,24
BEL116,12/01/2019,25
BEL116,12/02/2019,30
BEL116,12/03/2019,33
BEL116,12/04/2019,23
BEL116,12/05/2019,32
BEL116,12/06/2019,28
BEL116,12/07/2019,33
BEL116,12/08/2019,33
BEL116,12/09/2019,20
BEL116,12/10/2019,26
BEL116,12/11/2019,28
BEL116,12/12/2019,30
BEL116,12/13/2019,34
BEL116,12/14/2019,26
BEL116,12/15/2019,30
BEL116,12/16/2019,31
BEL116,12/17/2019,30
BEL116,12/18/2019,32
BEL116,12/19/2019,31
BEL116,12/20/2019,50
BEL116,12/21/2019,59
BEL116,12/22/2019,71
BEL116,12/23/2019,92
BEL116,12/24/2019,57
BEL116,12/25/2019,58
BEL116,12/26/2019,55
BEL116,12/27/2019,40
BEL116,12/28/2019,51
BEL116,12/29/2019,56
BEL116,12/30/2019,19
BEL116,12/31/2019,28
BEL116,01/01/2020,34
BEL116,01/02/2020,32
BEL116,01/03/2020,24
BEL116,01/04/2020,27
BEL116,01/05/2020,31
BEL116,01/06/2020,33
BEL116,01/07/2020,27
BEL116,01/08/2020,32
BEL116,01/09/2020,27
BEL116,01/10/2020,28
BEL116,01/11/2020,33
BEL116,01/12/2020,34
BEL116,01/13/2020,22
BEL116,01/14/2020,24
BEL116,01/15/2020,20
BEL116,01/16/2020,31
BEL116,01/17/2020,32
BEL116,01/18/2020,30
BEL116,01/19/2020,30
BEL116,01/20/2020,38
BEL116,01/21/2020,37
BEL116,01/22/2020,30
BEL116,01/23/2020,48
BEL116,01/24/2020,37
BEL116,01/25/2020,33
BEL116,01/26/2020,26
BEL116,01/27/2020,33
BEL116,01/28/2020,31
BEL116,01/29/2020,36
BEL116,01/30/2020,28
BEL116,01/31/2020,30
BEL116,02/01/2020,46
BEL116,02/02/2020,30
BEL116,02/03/2020,30
BEL116,02/04/2020,30
BEL116,02/05/2020,26
BEL116,02/06/2020,24
BEL116,02/07/2020,32
BEL116,02/08/2020,37
BEL116,02/09/2020,36
BEL116,02/10/2020,31
BEL116,02/11/2020,31
BEL116,02/12/2020,31
BEL116,02/13/2020,31
BEL116,02/14/2020,33
BEL116,02/15/2020,34
BEL116,02/16/2020,30
BEL116,02/17/2020,36
BEL116,02/18/2020,37
BEL116,02/19/2020,35
BEL116,02/20/2020,34
BEL116,02/21/2020,37
BEL116,02/22/2020,40
BEL116,02/23/2020,44
BEL116,02/24/2020,40
BEL116,02/25/2020,26
BEL116,02/26/2020,30
BEL116,02/27/2020,36
BEL116,02/28/2020,36
BEL116,02/29/2020,37
BEL116,03/01/2020,41
BEL116,03/02/2020,48
BEL116,03/03/2020,36
BEL116,03/04/2020,41
BEL116,03/05/2020,37
BEL116,03/06/2020,32
BEL116,03/07/2020,39
BEL116,03/08/2020,42
BEL116,03/09/2020,46
BEL116,03/10/2020,37
BEL116,03/11/2020,31
BEL116,03/12/2020,39
BEL116,03/13/2020,43
BEL116,03/14/2020,42
BEL116,03/15/2020,37
BEL116,03/16/2020,44
BEL116,03/17/2020,36
BEL116,03/18/2020,39
BEL116,03/19/2020,38
BEL116,03/20/2020,37
BEL116,03/21/2020,36
BEL116,03/22/2020,41
BEL116,03/23/2020,35
BEL116,03/24/2020,36
BEL116,03/25/2020,33
BEL116,03/26/2020,38
BEL116,03/27/2020,43
BEL116,03/28/2020,40
BEL116,03/29/2020,28
BEL116,03/30/2020,44
BEL116,03/31/2020,36
BEL116,04/01/2020,35
BEL116,04/02/2020,44
BEL116,04/03/2020,44
BEL116,04/04/2020,33
BEL116,04/05/2020,43
BEL116,04/06/2020,48
BEL116,04/07/2020,42
BEL116,04/08/2020,47
BEL116,04/09/2020,47
BEL116,04/10/2020,40
BEL116,04/11/2020,45
BEL116,04/12/2020,46
BEL116,04/13/2020,42
BEL116,04/14/2020,44
BEL116,04/15/2020,44
BEL116,04/16/2020,44
BEL116,04/17/2020,47
BEL116,04/18/2020,43
BEL116,04/19/2020,46
BEL116,04/20/2020,42
BEL116,04/21/2020,44
BEL116,04/22/2020,45
BEL116,04/23/2020,38
BEL116,04/24/2020,30
BEL116,04/25/2020,44
BEL116,04/26/2020,35
BEL116,04/27/2020,37
BEL116,04/28/2020,37
BEL116,04/29/2020,47
BEL116,04/30/2020,42
BEL116,05/01/2020,36
BEL116,05/02/2020,45
BEL116,05/03/2020,41
BEL116,05/04/2020,44
BEL116,05/05/2020,35
BEL116,05/06/2020,34
BEL116,05/07/2020,46
BEL116,05/08/2020,45
BEL116,05/09/2020,34
BEL116,05/10/2020,45
BEL116,05/11/2020,35
BEL116,05/12/2020,41
BEL116,05/13/2020,50
BEL116,05/14/2020,44
BEL116,05/15/2020,58
BEL116,05/16/2020,47
BEL116,05/17/2020,39
BEL116,05/18/2020,39
BEL116,05/19/2020,42
BEL116,05/20/2020,37
BEL116,05/21/2020,38
BEL116,05/22/2020,26
BEL116,05/23/2020,44
BEL116,05/24/2020,29
BEL116,05/25/2020,38
BEL116,05/26/2020,33
BEL116,05/27/2020,30
BEL116,05/28/2020,20
BEL116,05/29/2020,32
BEL116,05/30/2020,48
BEL116,05/31/2020,39
BEL116,06/01/2020,44
BEL116,06/02/2020,44
BEL116,06/03/2020,84
BEL116,06/04/2020,87
BEL116,06/05/2020,40
BEL116,06/06/2020,50
BEL116,06/07/2020,43
BEL116,06/08/2020,58
BEL116,06/09/2020,77
BEL116,06/10/2020,47
BEL116,06/11/2020,37
BEL116,06/12/2020,64
BEL116,06/13/2020,45
BEL116,06/14/2020,44
BEL116,06/15/2020,45
BEL116,06/16/2020,44
BEL116,06/17/2020,24
BEL116,06/18/2020,35
BEL116,06/19/2020,34
BEL116,06/20/2020,29
BEL116,06/21/2020,31
BEL116,06/22/2020,42
BEL116,06/23/2020,44
BEL116,06/24/2020,51
BEL116,06/25/2020,48
BEL116,06/26/2020,61
BEL116,06/27/2020,43
BEL116,06/28/2020,37
BEL116,06/29/2020,39
BEL116,06/30/2020,45
BEL116,07/01/2020,46
BEL116,07/02/2020,48
BEL116,07/03/2020,48
BEL116,07/04/2020,53
BEL116,07/05/2020,66
BEL116,07/06/2020,48
BEL116,07/07/2020,39
BEL116,07/08/2020,36
BEL116,07/09/2020,30
BEL116,07/10/2020,27
BEL116,07/11/2020,44
BEL116,07/12/2020,46
BEL116,07/13/2020,47
BEL116,07/14/2020,49
BEL116,07/15/2020,87
BEL116,07/16/2020,39
BEL116,07/17/2020,54
BEL116,07/18/2020,84
BEL116,07/19/2020,54
BEL116,07/20/2020,54
BEL116,07/21/2020,77
BEL116,07/22/2020,64
BEL116,07/23/2020,64
BEL116,07/24/2020,38
BEL116,07/25/2020,49
BEL116,07/26/2020,50
BEL116,07/27/2020,67
BEL116,07/28/2020,47
BEL116,07/29/2020,105
BEL116,07/30/2020,80
BEL116,07/31/2020,33
BEL116,08/01/2020,47
BEL116,08/02/2020,40
BEL116,08/03/2020,42
BEL116,08/04/2020,28
BEL116,08/05/2020,67
BEL116,08/06/2020,46
BEL116,08/07/2020,40
BEL116,08/08/2020,44
BEL116,08/09/2020,42
BEL116,08/10/2020,50
BEL116,08/11/2020,48
BEL116,08/12/2020,58
BEL116,08/13/2020,40
BEL116,08/14/2020,35
BEL116,08/15/2020,38
BEL116,08/16/2020,29
BEL116,08/17/2020,44
BEL116,08/18/2020,44
BEL116,08/19/2020,45
BEL116,08/20/2020,46
BEL116,08/21/2020,44
BEL116,08/22/2020,33
BEL116,08/23/2020,42
BEL116,08/24/2020,49
BEL116,08/25/2020,48
BEL116,08/26/2020,41
BEL116,08/27/2020,39
BEL116,08/28/2020,39
BEL116,08/29/2020,25
BEL116,08/30/2020,35
BEL116,08/31/2020,22
BEL116,09/01/2020,24
BEL116,09/02/2020,34
BEL116,09/03/2020,39
BEL116,09/04/2020,38
BEL116,09/05/2020,40
BEL116,09/06/2020,44
BEL116,09/07/2020,42
BEL116,09/08/2020,36
BEL116,09/09/2020,20
BEL116,09/10/2020,15
BEL116,09/11/2020,28
BEL116,09/12/2020,26
BEL116,09/13/2020,32
BEL116,09/14/2020,31
BEL116,09/15/2020,26
BEL116,09/16/2020,32
BEL116,09/17/2020,27
BEL116,09/18/2020,40
BEL116,09/19/2020,31
BEL116,09/20/2020,31
BEL116,09/21/2020,34
BEL116,09/22/2020,41
BEL116,09/23/2020,58
BEL116,09/24/2020,41
BEL116,09/25/2020,27
BEL116,09/26/2020,27
BEL116,09/27/2020,21
BEL116,09/28/2020,29
BEL116,09/29/2020,27
BEL116,09/30/2020,31
BEL116,10/01/2020,33
BEL116,10/02/2020,29
BEL116,10/03/2020,32
BEL116,10/04/2020,36
BEL116,10/05/2020,31
BEL116,10/06/2020,39
BEL116,10/07/2020,42
BEL116,10/08/2020,32
BEL116,10/09/2020,35
BEL116,10/10/2020,33
BEL116,10/11/2020,27
BEL116,10/12/2020,25
BEL116,10/13/2020,23
BEL116,10/14/2020,38
BEL116,10/15/2020,40
BEL116,10/16/2020,31
BEL116,10/17/2020,31
BEL116,10/18/2020,36
BEL116,10/19/2020,32
BEL116,10/20/2020,32
BEL116,10/21/2020,25
BEL116,10/22/2020,35
BEL116,10/23/2020,27
BEL116,10/24/2020,26
BEL116,10/25/2020,23
BEL116,10/26/2020,33
BEL116,10/27/2020,30
BEL116,10/28/2020,46
BEL116,10/29/2020,19
BEL116,10/30/2020,19
BEL116,10/31/2020,25
BEL116,11/01/2020,26
BEL116,11/02/2020,32
BEL116,11/03/2020,32
BEL116,11/04/2020,40
BEL116,11/05/2020,41
BEL116,11/06/2020,53
BEL116,11/07/2020,60
BEL116,11/08/2020,65
BEL116,11/09/2020,52
BEL116,11/10/2020,33
BEL116,11/11/2020,19
BEL116,11/12/2020,19
BEL116,11/13/2020,20
BEL116,11/14/2020,34
BEL116,11/15/2020,36
BEL116,11/16/2020,36
BEL116,11/17/2020,31
BEL116,11/18/2020,32
BEL116,11/19/2020,31
BEL116,11/20/2020,40
BEL116,11/21/2020,57
BEL116,11/22/2020,27
BEL116,11/23/2020,31
BEL116,11/24/2020,28
BEL116,11/25/2020,31
BEL116,11/26/2020,28
BEL116,11/27/2020,24
BEL116,11/28/2020,32
BEL116,11/29/2020,35
BEL116,11/30/2020,29
BEL116,12/01/2020,21
BEL116,12/02/2020,30
BEL116,12/03/2020,23
BEL116,12/04/2020,31
BEL116,12/05/2020,28
BEL116,12/06/2020,31
BEL116,12/07/2020,28
BEL116,12/08/2020,31
BEL116,12/09/2020,32
BEL116,12/10/2020,62
BEL116,12/11/2020,58
BEL116,12/12/2020,57
BEL116,12/13/2020,37
BEL116,12/14/2020,24
BEL116,12/15/2020,25
BEL116,12/16/2020,23
BEL116,12/17/2020,32
BEL116,12/18/2020,30
BEL116,12/19/2020,38
BEL116,12/20/2020,43
BEL116,12/21/2020,52
BEL116,12/22/2020,22
BEL116,12/23/2020,26
BEL116,12/24/2020,32
BEL116,12/25/2020,25
BEL116,12/26/2020,29
BEL116,12/27/2020,29
BEL116,12/28/2020,34
BEL116,12/29/2020,35
BEL116,12/30/2020,31
BEL116,12/31/2020,27
BEL116,01/01/2021,34
BEL116,01/02/2021,23
BEL116,01/03/2021,22
BEL116,01/04/2021,25
BEL116,01/05/2021,35
BEL116,01/06/2021,29
BEL116,01/07/2021,31
BEL116,01/08/2021,26
BEL116,01/09/2021,36
BEL116,01/10/2021,34
BEL116,01/11/2021,55
BEL116,01/12/2021,54
BEL116,01/13/2021,52
BEL116,01/14/2021,50
BEL116,01/15/2021,57
BEL116,01/16/2021,30
BEL116,01/17/2021,23
BEL116,01/18/2021,26
BEL116,01/19/2021,32
BEL116,01/20/2021,31
BEL116,01/21/2021,30
BEL116,01/22/2021,31
BEL116,01/23/2021,33
BEL116,01/24/2021,33
BEL116,01/25/2021,43
BEL116,01/26/2021,38
BEL116,01/27/2021,33
BEL116,01/28/2021,33
BEL116,01/29/2021,35
BEL116,01/30/2021,37
BEL116,01/31/2021,31
BEL116,02/01/2021,33
BEL116,02/02/2021,36
BEL116,02/03/2021,37
BEL116,02/04/2021,38
BEL116,02/05/2021,36
BEL116,02/06/2021,32
BEL116,02/07/2021,35
BEL116,02/08/2021,38
BEL116,02/09/2021,41
BEL116,02/10/2021,56
BEL116,02/11/2021,57
BEL116,02/12/2021,52
BEL116,02/13/2021,49
BEL116,02/14/2021,54
BEL116,02/15/2021,55
BEL116,02/16/2021,29
BEL116,02/17/2021,34
BEL116,02/18/2021,38
BEL116,02/19/2021,38
BEL116,02/20/2021,48
BEL116,02/21/2021,52
BEL116,02/22/2021,37
BEL116,02/23/2021,40
BEL116,02/24/2021,45
BEL116,02/25/2021,40
BEL116,02/26/2021,41
BEL116,02/27/2021,36
BEL116,02/28/2021,27
BEL116,03/01/2021,35
BEL116,03/02/2021,40
BEL116,03/03/2021,39
BEL116,03/04/2021,40
BEL116,03/05/2021,38
BEL116,03/06/2021,40
BEL116,03/07/2021,42
BEL116,03/08/2021,42
BEL116,03/09/2021,58
BEL116,03/10/2021,64
BEL116,03/11/2021,67
BEL116,03/12/2021,43
BEL116,03/13/2021,48
BEL116,03/14/2021,48
BEL116,03/15/2021,44
BEL116,03/16/2021,41
BEL116,03/17/2021,35
BEL116,03/18/2021,31
BEL116,03/19/2021,44
BEL116,03/20/2021,44
BEL116,03/21/2021,51
BEL116,03/22/2021,48
BEL116,03/23/2021,42
BEL116,03/24/2021,30
BEL116,03/25/2021,27
BEL116,03/26/2021,47
BEL116,03/27/2021,45
BEL116,03/28/2021,35
BEL116,03/29/2021,43
BEL116,03/30/2021,47
BEL116,03/31/2021,37
BEL116,04/01/2021,37
BEL116,04/02/2021,44
BEL116,04/03/2021,44
BEL116,04/04/2021,67
BEL116,04/05/2021,54
BEL116,04/06/2021,54
BEL116,04/07/2021,90
BEL116,04/08/2021,43
BEL116,04/09/2021,31
BEL116,04/10/2021,42
BEL116,04/11/2021,48
BEL116,04/12/2021,32
BEL116,04/13/2021,34
BEL116,04/14/2021,32
BEL116,04/15/2021,42
BEL116,04/16/2021,35
BEL116,04/17/2021,35
BEL116,04/18/2021,40
BEL116,04/19/2021,41
BEL116,04/20/2021,51
BEL116,04/21/2021,42
BEL116,04/22/2021,43
BEL116,04/23/2021,51
BEL116,04/24/2021,58
BEL116,04/25/2021,46
BEL116,04/26/2021,50
BEL116,04/27/2021,64
BEL116,04/28/2021,71
BEL116,04/29/2021,45
BEL116,04/30/2021,44
BEL116,05/01/2021,44
BEL116,05/02/2021,58
BEL116,05/03/2021,39
BEL116,05/04/2021,43
BEL116,05/05/2021,39
BEL116,05/06/2021,39
BEL116,05/07/2021,37
BEL116,05/08/2021,40
BEL116,05/09/2021,41
BEL116,05/10/2021,45
BEL116,05/11/2021,47
BEL116,05/12/2021,38
BEL116,05/13/2021,45
BEL116,05/14/2021,45
BEL116,05/15/2021,67
BEL116,05/16/2021,49
BEL116,05/17/2021,48
BEL116,05/18/2021,87
BEL116,05/19/2021,100
BEL116,05/20/2021,119
BEL116,05/21/2021,80
BEL116,05/22/2021,87
BEL116,05/23/2021,64
BEL116,05/24/2021,28
BEL116,05/25/2021,40
BEL116,05/26/2021,77
BEL116,05/27/2021,74
BEL116,05/28/2021,40
BEL116,05/29/2021,31
BEL116,05/30/2021,24
BEL116,05/31/2021,39
BEL116,06/01/2021,39
BEL116,06/02/2021,44
BEL116,06/03/2021,35
BEL116,06/04/2021,44
BEL116,06/05/2021,108
BEL116,06/06/2021,77
BEL116,06/07/2021,41
BEL116,06/08/2021,43
BEL116,06/09/2021,47
BEL116,06/10/2021,46
BEL116,06/11/2021,27
BEL116,06/12/2021,38
BEL116,06/13/2021,34
BEL116,06/14/2021,61
BEL116,06/15/2021,44
BEL116,06/16/2021,50
BEL116,06/17/2021,67
BEL116,06/18/2021,80
BEL116,06/19/2021,44
BEL116,06/20/2021,46
BEL116,06/21/2021,41
BEL116,06/22/2021,24
BEL116,06/23/2021,44
BEL116,06/24/2021,46
BEL116,06/25/2021,41
BEL116,06/26/2021,24
BEL116,06/27/2021,47
BEL116,06/28/2021,31
BEL116,06/29/2021,38
BEL116,06/30/2021,49
BEL116,07/01/2021,40
BEL116,07/02/2021,36
BEL116,07/03/2021,33
BEL116,07/04/2021,44
BEL116,07/05/2021,60
BEL116,07/06/2021,80
BEL116,07/07/2021,74
BEL116,07/08/2021,43
BEL116,07/09/2021,45
BEL116,07/10/2021,41
BEL116,07/11/2021,37
BEL116,07/12/2021,42
BEL116,07/13/2021,46
BEL116,07/14/2021,48
BEL116,07/15/2021,77
BEL116,07/16/2021,80
BEL116,07/17/2021,49
BEL116,07/18/2021,41
BEL116,07/19/2021,62
BEL116,07/20/2021,93
BEL116,07/21/2021,85
BEL116,07/22/2021,39
BEL116,07/23/2021,44
BEL116,07/24/2021,51
BEL116,07/25/2021,54
BEL116,07/26/2021,90
BEL116,07/27/2021,101
BEL116,07/28/2021,112
BEL116,07/29/2021,71
BEL116,07/30/2021,58
BEL116,07/31/2021,44
BEL116,08/01/2021,39
BEL116,08/02/2021,44
BEL116,08/03/2021,40
BEL116,08/04/2021,46
BEL116,08/05/2021,77
BEL116,08/06/2021,80
BEL116,08/07/2021,33
BEL116,08/08/2021,67
BEL116,08/09/2021,38
BEL116,08/10/2021,45
BEL116,08/11/2021,46
BEL116,08/12/2021,64
BEL116,08/13/2021,61
BEL116,08/14/2021,41
BEL116,08/15/2021,43
BEL116,08/16/2021,32
BEL116,08/17/2021,25
BEL116,08/18/2021,19
BEL116,08/19/2021,39
BEL116,08/20/2021,33
BEL116,08/21/2021,41
BEL116,08/22/2021,32
BEL116,08/23/2021,51
BEL116,08/24/2021,90
BEL116,08/25/2021,129
BEL116,08/26/2021,74
BEL116,08/27/2021,61
BEL116,08/28/2021,71
BEL116,08/29/2021,42
BEL116,08/30/2021,47
BEL116,08/31/2021,43
BEL116,09/01/2021,33
BEL116,09/02/2021,35
BEL116,09/03/2021,39
BEL116,09/04/2021,39
BEL116,09/05/2021,32
BEL116,09/06/2021,44
BEL116,09/07/2021,64
BEL116,09/08/2021,48
BEL116,09/09/2021,32
BEL116,09/10/2021,35
BEL116,09/11/2021,43
BEL116,09/12/2021,43
BEL116,09/13/2021,52
BEL116,09/14/2021,51
BEL116,09/15/2021,50
BEL116,09/16/2021,32
BEL116,09/17/2021,28
BEL116,09/18/2021,42
BEL116,09/19/2021,43
BEL116,09/20/2021,34
BEL116,09/21/2021,29
BEL116,09/22/2021,31
BEL116,09/23/2021,32
BEL116,09/24/2021,40
BEL116,09/25/2021,43
BEL116,09/26/2021,38
BEL116,09/27/2021,42
BEL116,09/28/2021,42
BEL116,09/29/2021,32
BEL116,09/30/2021,36
BEL116,10/01/2021,28
BEL116,10/02/2021,43
BEL116,10/03/2021,41
BEL116,10/04/2021,33
BEL116,10/05/2021,38
BEL116,10/06/2021,24
BEL116,10/07/2021,32
BEL116,10/08/2021,41
BEL116,10/09/2021,36
BEL116,10/10/2021,25
BEL116,10/11/2021,25
BEL116,10/12/2021,27
BEL116,10/13/2021,26
BEL116,10/14/2021,38
BEL116,10/15/2021,39
BEL116,10/16/2021,34
BEL116,10/17/2021,32
BEL116,10/18/2021,38
BEL116,10/19/2021,41
BEL116,10/20/2021,49
BEL116,10/21/2021,47
BEL116,10/22/2021,33
BEL116,10/23/2021,27
BEL116,10/24/2021,33
BEL116,10/25/2021,44
BEL116,10/26/2021,23
BEL116,10/27/2021,30
BEL116,10/28/2021,29
BEL116,10/29/2021,33
BEL116,10/30/2021,22
BEL116,10/31/2021,24
BEL116,11/01/2021,33
BEL116,11/02/2021,47
BEL116,11/03/2021,28
BEL116,11/04/2021,22
BEL116,11/05/2021,33
BEL116,11/06/2021,32
BEL116,11/07/2021,36
BEL116,11/08/2021,40
BEL116,11/09/2021,39
BEL116,11/10/2021,47
BEL116,11/11/2021,44
BEL116,11/12/2021,33
BEL116,11/13/2021,23
BEL116,11/14/2021,22
BEL116,11/15/2021,25
BEL116,11/16/2021,30
BEL116,11/17/2021,43
BEL116,11/18/2021,43
BEL116,11/19/2021,27
BEL116,11/20/2021,28
BEL116,11/21/2021,31
BEL116,11/22/2021,31
BEL116,11/23/2021,29
BEL116,11/24/2021,30
BEL116,11/25/2021,58
BEL116,11/26/2021,33
BEL116,11/27/2021,31
BEL116,11/28/2021,28
BEL116,11/29/2021,28
BEL116,11/30/2021,32
BEL116,12/01/2021,49
BEL116,12/02/2021,37
BEL116,12/03/2021,26
BEL116,12/04/2021,27
BEL116,12/05/2021,33
BEL116,12/06/2021,36
BEL116,12/07/2021,29
BEL116,12/08/2021,35
BEL116,12/09/2021,40
BEL116,12/10/2021,52
BEL116,12/11/2021,33
BEL116,12/12/2021,32
BEL116,12/13/2021,45
BEL116,12/14/2021,38
BEL116,12/15/2021,28
BEL116,12/16/2021,36
BEL116,12/17/2021,36
BEL116,12/18/2021,32
BEL116,12/19/2021,28
BEL116,12/20/2021,27
BEL116,12/21/2021,40
BEL116,12/22/2021,30
BEL116,12/23/2021,33
BEL116,12/24/2021,32
BEL116,12/25/2021,41
BEL116,12/26/2021,31
BEL116,12/27/2021,24
BEL116,12/28/2021,24
BEL116,12/29/2021,34
BEL116,12/30/2021,35
BEL116,12/31/2021,19
BEL116,01/01/2022,25
BEL116,01/02/2022,24
BEL116,01/03/2022,27
BEL116,01/04/2022,27
BEL116,01/05/2022,29
BEL116,01/06/2022,38
BEL116,01/07/2022,33
BEL116,01/08/2022,31
BEL116,01/09/2022,36
BEL116,01/10/2022,34
BEL116,01/11/2022,31
BEL116,01/12/2022,33
BEL116,01/13/2022,57
BEL116,01/14/2022,42
BEL116,01/15/2022,34
BEL116,01/16/2022,30
BEL116,01/17/2022,33
BEL116,01/18/2022,30
BEL116,01/19/2022,32
BEL116,01/20/2022,31
BEL116,01/21/2022,31
BEL116,01/22/2022,34
BEL116,01/23/2022,43
BEL116,01/24/2022,45
BEL116,01/25/2022,35
BEL116,01/26/2022,36
BEL116,01/27/2022,53
BEL116,01/28/2022,54
BEL116,01/29/2022,40
BEL116,01/30/2022,36
BEL116,01/31/2022,48
BEL116,02/01/2022,52
BEL116,02/02/2022,43
BEL116,02/03/2022,32
BEL116,02/04/2022,31
BEL116,02/05/2022,37
BEL116,02/06/2022,40
BEL116,02/07/2022,38
BEL116,02/08/2022,39
BEL116,02/09/2022,37
BEL116,02/10/2022,39
BEL116,02/11/2022,45
BEL116,02/12/2022,42
BEL116,02/13/2022,30
BEL116,02/14/2022,36
BEL116,02/15/2022,52
BEL116,02/16/2022,37
BEL116,02/17/2022,40
BEL116,02/18/2022,38
BEL116,02/19/2022,40
BEL116,02/20/2022,39
BEL116,02/21/2022,42
BEL116,02/22/2022,35
BEL116,02/23/2022,35
BEL116,02/24/2022,26
BEL116,02/25/2022,30
BEL116,02/26/2022,37
BEL116,02/27/2022,46
BEL116,02/28/2022,47
BEL116,03/01/2022,43
BEL116,03/02/2022,42
BEL116,03/03/2022,43
BEL116,03/04/2022,37
BEL116,03/05/2022,43
BEL116,03/06/2022,46
BEL116,03/07/2022,34
BEL116,03/08/2022,42
BEL116,03/09/2022,37
BEL116,03/10/2022,40
BEL116,03/11/2022,43
BEL116,03/12/2022,43
BEL116,03/13/2022,40
BEL116,03/14/2022,46
BEL116,03/15/2022,58
BEL116,03/16/2022,61
BEL116,03/17/2022,40
BEL116,03/18/2022,46
BEL116,03/19/2022,40
BEL116,03/20/2022,38
BEL116,03/21/2022,47
BEL116,03/22/2022,46
BEL116,03/23/2022,35
BEL116,03/24/2022,23
BEL116,03/25/2022,44
BEL116,03/26/2022,39
BEL116,03/27/2022,36
BEL116,03/28/2022,41
BEL116,03/29/2022,43
BEL116,03/30/2022,46
BEL116,03/31/2022,43
BEL116,04/01/2022,39
BEL116,04/02/2022,45
BEL116,04/03/2022,44
BEL116,04/04/2022,44
BEL116,04/05/2022,33
BEL116,04/06/2022,38
BEL116,04/07/2022,36
BEL116,04/08/2022,45
BEL116,04/09/2022,36
BEL116,04/10/2022,39
BEL116,04/11/2022,43
BEL116,04/12/2022,46
BEL116,04/13/2022,50
BEL116,04/14/2022,43
BEL116,04/15/2022,64
BEL116,04/16/2022,51
BEL116,04/17/2022,39
BEL116,04/18/2022,29
BEL116,04/19/2022,35
BEL116,04/20/2022,44
BEL116,04/21/2022,45
BEL116,04/22/2022,54
BEL116,04/23/2022,61
BEL116,04/24/2022,58
BEL116,04/25/2022,41
BEL116,04/26/2022,34
BEL116,04/27/2022,41
BEL116,04/28/2022,43
BEL116,04/29/2022,58
BEL116,04/30/2022,54
BEL116,05/01/2022,43
BEL116,05/02/2022,61
BEL116,05/03/2022,44
BEL116,05/04/2022,33
BEL116,05/05/2022,32
BEL116,05/06/2022,42
BEL116,05/07/2022,42
BEL116,05/08/2022,45
BEL116,05/09/2022,74
BEL116,05/10/2022,77
BEL116,05/11/2022,47
BEL116,05/12/2022,33
BEL116,05/13/2022,21
BEL116,05/14/2022,18
BEL116,05/15/2022,38
BEL116,05/16/2022,41
BEL116,05/17/2022,64
BEL116,05/18/2022,41
BEL116,05/19/2022,50
BEL116,05/20/2022,64
BEL116,05/21/2022,61
BEL116,05/22/2022,44
BEL116,05/23/2022,42
BEL116,05/24/2022,30
BEL116,05/25/2022,35
BEL116,05/26/2022,27
BEL116,05/27/2022,28
BEL116,05/28/2022,38
BEL116,05/29/2022,46
BEL116,05/30/2022,48
BEL116,05/31/2022,84
BEL116,06/01/2022,64
BEL116,06/02/2022,49
BEL116,06/03/2022,45
BEL116,06/04/2022,84
BEL116,06/05/2022,51
BEL116,06/06/2022,54
BEL116,06/07/2022,42
BEL116,06/08/2022,67
BEL116,06/09/2022,50
BEL116,06/10/2022,49
BEL116,06/11/2022,31
BEL116,06/12/2022,39
BEL116,06/13/2022,84
BEL116,06/14/2022,44
BEL116,06/15/2022,67
BEL116,06/16/2022,39
BEL116,06/17/2022,64
BEL116,06/18/2022,38
BEL116,06/19/2022,41
BEL116,06/20/2022,64
BEL116,06/21/2022,84
BEL116,06/22/2022,67
BEL116,06/23/2022,37
BEL116,06/24/2022,47
BEL116,06/25/2022,48
BEL116,06/26/2022,43
BEL116,06/27/2022,35
BEL116,06/28/2022,49
BEL116,06/29/2022,67
BEL116,06/30/2022,101
BEL116,07/01/2022,51
BEL116,07/02/2022,36
BEL116,07/03/2022,44
BEL116,07/04/2022,46
BEL116,07/05/2022,48
BEL116,07/06/2022,58
BEL116,07/07/2022,47
BEL116,07/08/2022,44
BEL116,07/09/2022,34
BEL116,07/10/2022,42
BEL116,07/11/2022,46
BEL116,07/12/2022,44
BEL116,07/13/2022,77
BEL116,07/14/2022,58